address,latitude,longitude,date,width,length,depth,category
서울특별시 강남구 삼성동 147-2앞 (봉은사로 86길),37.5132443,127.0559981,2018-03-01,3,4,1.5,타 지하시설물 노후화
서울특별시 송파구 삼전동 180-6 (백제고분로 272),37.5022108,127.0965094,2018-03-04,1,2,0.5,상수관로 파손
서울특별시 구로구 구로동 723-16 (구로동로17길),37.4884285,126.8834739,2018-03-11,0.4,0.4,1,타 지하시설물 파손
서울특별시 영등포구 당산동4가 93-5 (국회대로 539),37.5293166,126.894826,2018-03-13,0.5,0.7,1.5,하수관로 노후화
서울특별시 영등포구 양평동4가 23-2 (양평로19길 19),37.5357072,126.8943162,2018-03-27,5,5,1.5,하수관거 노후화
서울특별시 영등포구 여의도동 44-11 (의사당대로1길 34),37.5200935,126.9307709,2018-03-28,0.3,0.3,1,우수시설 시공불량
서울특별시 도봉구 창동 316 (해등로12길),37.6527374,127.0423127,2018-04-25,0.8,0.6,1.3,우수관로 노후화
서울특별시 강남구 역삼동 814-6 (강남대로100길10),37.5016542,127.0263905,2018-04-26,0.5,1,1,하수관로 노후화
서울특별시 용산구 용산동5가 19-389 (파크타워 104동앞),37.5231138,126.9720912,2018-04-28,0.5,0.5,1,하수관로 시공불량
서울특별시 구로구 구로동 126-28 (도림로 럭키아파트 인근),37.4914866,126.8942155,2018-06-24,0.2,0.2,1,타 지하시설물 시공불량
서울특별시 관악구 보라매동 732-1 7(보라매로 21),37.4915675,126.9262143,2018-07-17,2,0.6,1,우수시설 시공불량
서울특별시 중구  퇴계로 196 (충무로역 3번출구),,,2018-07-17,5,5,1.5,상수관로 파손
서울특별시 강남구 논현동 280(강남대로 논현역 7번출구 앞),37.5103038,127.0219656,2018-08-15,1.5,3,1,지반 시공불량
서울특별시 종로구 연건동 28-2(대학로 103),37.580742,126.9994817,2018-09-04,1.1,1,1,하수관로 파손
서울특별시 강북구 수유동 313-49(삼양로 119길 1),37.6440517,127.0157168,2018-09-04,1.5,1.5,1,하수관거 노후화
서울특별시 동작구 노량진동 50-2앞 (노량진초교 앞),37.5121241,126.9404903,2018-12-02,0.7,0.7,1,하수관로 시공불량
서울특별시 강서구 마곡동 793-7 (마곡지구 C17-2블록 공사장 앞 보도),37.5615523,126.8387745,2018-12-09,1.5,3,3,하수관로 파손
전북특별자치도 정읍시 이평면 창동리 산11-5번지 근처,35.6695994,126.8103036,2018-01-02,1.5,1.8,1.5,타 지하시설물 노후화
광주광역시 광산구 도산동 1221-20번지,35.1268484,126.7830294,2018-01-03,0.3,0.2,1.5,하수관거 파손
경상남도 사천시 사천읍 선인길 30-21,35.0795805,128.0964756,2018-01-12,1,2,0.1,맨홀 파손
충청북도 청주시 흥덕구 운천동 660,36.6552006,127.47458,2018-01-16,0.8,0.8,0.5,하수관로 파손
광주광역시 광산구 우산동 1600-1번지,35.161289,126.8061678,2018-01-22,0.1,0.1,1,하수관로 파손
광주광역시 광산구 소촌동 450-3번지,35.1453743,126.7928792,2018-01-22,0.3,0.3,1.5,하수관거 파손
울산광역시 울주군 온산읍 대정리 70-5 (온산항 사거리앞 울산에서 부산방면 1차로),35.4368856,129.3513765,2018-01-24,1.1,1.1,1.2,타 지하시설물 시공불량
경기도 군포시 산본동 1189,37.3600752,126.930441,2018-01-25,1,1,0.3,하수관로 시공불량
부산광역시 해운대구  좌동순환로 419 앞,,,2018-01-26,1,4,1,하수관로 노후화
강원특별자치도 원주시  학성안길41,,,2018-01-28,2.5,5.5,1.5,상수관로 파손
강원특별자치도 원주시  행구로257아욱이,,,2018-01-28,3,3.5,1.6,상수관로 파손
강원특별자치도 원주시 단구동 1515-4,37.3304144,127.9486703,2018-01-31,2.7,5,1.6,상수관로 파손
강원특별자치도 원주시 흥업면 매지리 4018 무수막다리,,,2018-02-01,2.5,3.8,1.5,상수관로 파손
충청북도 청주시 상당구 방서동 644-117,36.5984065,127.5054265,2018-02-01,2,3,0.1,하수관로 파손
경기도 부천시 소사본동 148-9,37.4769818,126.7919578,2018-02-06,1,1,0.2,하수관로 파손
경기도 부천시 원미동 76-1번지,37.4951762,126.7917478,2018-02-06,2,4,1.5,하수관로 파손
충청북도 청주시 흥덕구 복대동 31-6,36.6341405,127.4405511,2018-02-07,0.5,0.5,0.5,하수관로 시공불량
광주광역시 광산구 월곡동 515-10번지,35.1716238,126.8066466,2018-02-09,0.3,0.3,1.5,하수관로 파손
경기도 부천시 춘의동 72-5번지,37.505611,126.788096,2018-02-09,2,1.8,0.2,하수관로 파손
충청북도 청주시 흥덕구 복대동 2200,36.6275859,127.4465191,2018-02-19,0.8,0.8,0.8,하수관로 파손
부산광역시 수영구  광안로 성원쌍떼빌 앞(광안역2번 출구),,,2018-02-20,1.5,1.5,0.7,타 지하시설물 시공불량
경기도 부천시 춘의동 155-1번지,37.5041293,126.7916873,2018-02-21,5.4,6,0.2,지반 시공불량
경기도 부천시 원미동 111-8번지,37.4944916,126.7853739,2018-02-21,2.5,10,1,하수관로 파손
경기도 부천시 작동 5 로얄아파트 일원,37.5202583,126.813028,2018-02-21,1,2,0.1,지반 시공불량
경상남도 거제시 일운면 지세포리 416-17번지 일원 (도시계획도로 소로1-19호선),34.8292816,128.7108292,2018-02-26,3.5,20,1.5,타 지하시설물 시공불량
충청북도 음성군 음성읍 읍내리 350-1 삼보아파트 단지 내 인도,36.9317258,127.6936659,2018-03-01,11,1.8,1.5,타 지하시설물 시공불량
경상남도 사천시 용현면 신복리 ,,,2018-03-02,1,2,0.1,오수받이 파손
강원특별자치도 원주시 개운동 399-19,37.3401854,127.9573731,2018-03-04,3.1,4.5,1.8,상수관로 파손
경기도 부천시 춘의동 부천종합운동장역,,,2018-03-05,7,8,1.2,맨홀 파손
부산광역시 중구 영주동 모노레일 삼거리,,,2018-03-07,1,1,1,집중강우
부산광역시 해운대구  청사포로 126번길 6 일원,,,2018-03-07,1.2,2,0.5,하수관로 노후화
경기도 고양시 일산동구 설문동 199-2번지 일원,37.7109922,126.8133412,2018-03-07,2.5,2.5,2,하수관로 파손
부산광역시 사하구  하단오거리 교차로(하단1동),,,2018-03-08,1,1,3,타 지하시설물 시공불량
경기도 부천시 소사본동 421-1(동남삼거리),37.4716187,126.8016509,2018-03-09,3,3,1.5,하수관로 파손
경기도 부천시 도당동 7번지,37.5158666,126.7782025,2018-03-09,5,7,1.5,하수관로 파손
충청북도 청주시 청원구 내덕동 648-14,36.6564901,127.4824145,2018-03-10,8,7,1.5,상수관로 파손
강원특별자치도 강릉시  율곡초교길39번길 3,,,2018-03-12,0.3,0.5,0.2,원인미상
경상남도 사천시  중앙로 3-1,,,2018-03-12,1,1,0.05,오수받이 파손
경기도 부천시 춘의동 까치울역사거리,,,2018-03-12,4,4,0.3,맨홀 파손
경기도 부천시  까치울사거리역,,,2018-03-12,4,4,0.3,맨홀 파손
대구광역시 남구  봉덕로7(한진기사식당) 앞,,,2018-03-13,1,2,1,상수관로 파손
경기도 부천시  원미동 181-3,,,2018-03-13,1,1,0.5,하수관로 노후화
경기도 부천시 소사본동 420-1(동남삼거리),37.4691924,126.7972438,2018-03-13,3,170,0.3,타 지하시설물 시공불량
경기도 부천시 원미동 83-28번지,37.4954364,126.7883004,2018-03-13,1.6,1.8,0.3,우수시설 파손
경기도 부천시 고강동 113-5 봉오대로 자전거도로,37.5354362,126.8102026,2018-03-13,1.5,1.5,0.3,지반 시공불량
전라남도 완도군 완도읍 군내리 1433(경도빌딩),34.314544,126.7561908,2018-03-15,14.6,6.2,0.3,타 지하시설물 파손
경기도 부천시 원미동 189-96,37.4891063,126.7922156,2018-03-15,1,1,0.5,하수관로 노후화
경기도 부천시 소사본동 368-6(동남삼거리),37.4723278,126.7911024,2018-03-15,1,1,1,타 지하시설물 시공불량
경상북도 포항시 북구  청하면 비학로 2167번지 앞,,,2018-03-16,2,150,0.08,도로 노후화
부산광역시 연제구  거제시장로 14번길 28,,,2018-03-19,1,1.5,1.5,상수관로 파손
경기도 양주시  화합로 201,,,2018-03-19,1.7,1.2,1,타 지하시설물 시공불량
강원특별자치도 원주시 태장동 원마트 옆,,,2018-03-21,5.5,6,1.2,지반 시공불량
충청북도 청주시 청원구 내덕동 740-10,36.6610364,127.4760078,2018-03-22,2,2.5,3,하수관로 시공불량
"전라남도 목포시 연산동 1922 늘품어린이공원 
 (백련초등학교 옆)",34.8188933,126.3899634,2018-03-25,1.2,1.2,1.5,타 지하시설물 시공불량
충청북도 청주시 청원구 오창읍 탑리 429-2,36.7122763,127.4554489,2018-03-26,2,1.5,2,하수관로 노후화
전라남도 해남군 황산면 청룡마을회관 - 산이면 대명리 마을회관,,,2018-03-26,1.1,1.1,0.7,원인미상
부산광역시 사하구  무지개공단 내 도로(장림1동),,,2018-03-28,1,1,1,원인미상
울산광역시 울주군 온산읍 덕신리 580-3 (온산소방서 앞),35.4338292,129.3060969,2018-03-28,1,1,1.5,상수관로 파손
강원특별자치도 원주시 우산동 237-16,37.3672874,127.9340648,2018-03-29,3.8,4.7,1.3,지반 시공불량
부산광역시 부산진구  서전로 41 도요코인 호텔 앞,,,2018-03-29,2,7,1.5,상수관로 파손
세종특별자치시 - 어진동 513 M브릿지 신축현장,,,2018-04-02,0.8,0.8,3,하수관로 파손
충청북도 청주시 청원구 우암동 397-20,36.6496128,127.4819677,2018-04-02,4,1,1.5,하수관로 노후화
전북특별자치도 전주시 완산구  평화18길 11 서진어린이집 앞,,,2018-04-02,2,3,2,하수관로 노후화
경기도 부천시 소사본동 196,37.4751098,126.7985166,2018-04-02,1,1,0.3,원인미상
경상북도 경주시 용강동 1238-45,35.8675491,129.2211499,2018-04-03,1,1,0.4,지반 시공불량
부산광역시 사하구  다대몰운대아파트207동 앞(다대1동),,,2018-04-04,1,1.2,0.5,상수관로 파손
충청북도 청주시 청원구 우암동 766-6,36.6473326,127.4824576,2018-04-04,2,1.5,2,하수관로 노후화
광주광역시 광산구 송정동 576-18번지,35.1393958,126.7976217,2018-04-05,1,1,0.7,하수관로 파손
경기도 화성시 영천동 산24-1번지(동탄(2)택지C3블럭),37.2105095,127.0996249,2018-04-08,5,25,18,우수관로 파손
전북특별자치도 전주시 완산구  안행로 24 전북불교대학 앞,,,2018-04-09,3,3,2,하수관로 노후화
경상남도 김해시  분성로 14(일동한신아파트 정문 교통섬),,,2018-04-09,4,4,1.5,상수관로 파손
부산광역시 동래구  반송로 202(cu편의점 일원),,,2018-04-11,2,2.5,1.5,맨홀 시공불량
광주광역시 광산구 월곡동 497-4번지,35.1746384,126.8072486,2018-04-11,0.1,0.1,1,하수관로 파손
경상남도 사천시 서포면 구평리 940-1,35.0080672,127.9733191,2018-04-11,0.6,1,0.05,하수관로 파손
강원특별자치도 원주시 개운동 정충각 앞,,,2018-04-13,4.8,6.3,1,지반 시공불량
대구광역시 중구 남산동 610-13번지(금강산보쌈식당앞),35.8613082,128.5899025,2018-04-14,4,0.8,1.5,하수관로 노후화
경기도 여주시 하동 138 하나빌라 앞,37.3008954,127.6301846,2018-04-15,1,1,0.5,연약지반
충청북도 청주시 청원구 율량동 1183,36.6684447,127.4787461,2018-04-17,2.5,3.5,3,하수관로 노후화
대구광역시 중구 대신동 신남역 1번출구 앞(양말골목 입구),,,2018-04-18,1,1,1,지반 시공불량
충청북도 옥천군 옥천읍 충북도립대학교 앞 운동장 인근(옥천읍 금구리 40-1번지 일원),,,2018-04-18,2,2,0.5,우수시설 노후화
부산광역시 남구  유엔로84번길 71-12,,,2018-04-19,1,2,0.5,하수관로 파손
대전광역시 서구 둔산동 문예로 정부청사 동문 입구,,,2018-04-19,2,2,2,하수관로 시공불량
충청북도 청주시 흥덕구 향정동 50,36.6486224,127.4292221,2018-04-19,0.5,0.5,0.5,하수관로 파손
경상북도 영주시 휴천동 506-3번지 앞,36.8063393,128.6185111,2018-04-19,1,1,1,우수관로 파손
경기도 수원시 팔달구  수원시청역 사거리 교차로 내,,,2018-04-19,0.5,0.3,1.1,타 지하시설물 시공불량
부산광역시 연제구  월드컵대로 224,,,2018-04-21,1,1.9,0.25,상수관로 파손
충청북도 제천시  환경사업소에서 강제동 롯데캐슬아파트 가는 길목,,,2018-04-23,4.2,10,0.1,우수관로 시공불량
충청북도 청주시 청원구  1순환로 339번길34,,,2018-04-24,2,1.5,2,하수관로 파손
강원특별자치도 고성군 거진읍 거탄진로 116(호남식당 옆),38.4452734,128.4544112,2018-04-27,2.5,10,2.5,하수관로 노후화
광주광역시 광산구 비아동 675-2번지,35.2230636,126.8193749,2018-04-27,0.4,0.4,1,하수관로 파손
강원특별자치도 원주시 중앙동 중앙시장 동원약국,,,2018-04-30,2.3,3.8,1.6,상수관로 파손
인천광역시 중구 북성동 인천역 월미은하레일 앞 도로,,,2018-04-30,1,0.5,1,타 지하시설물 시공불량
부산광역시 해운대구 우동 운촌삼거리 일원,,,2018-05-01,1,1,1,타 지하시설물 시공불량
충청북도 청주시 상당구 대신리 ,,,2018-05-01,1,1,1,하수관로 파손
전라남도 신안군 임자면 광산리 407-20,35.1018527,126.0650297,2018-05-01,3,0.8,0.1,타 지하시설물 시공불량
충청북도 청주시 청원구 내덕동 740-10,36.6610364,127.4760078,2018-05-03,2,2.5,3,하수관로 노후화
경상북도 포항시 남구 해도동 고속터미널 인근,,,2018-05-08,0.08,20,0.5,타 지하시설물 파손
광주광역시 광산구 소촌동 631-6번지,35.1462441,126.78929,2018-05-09,0.1,0.1,1,하수관로 파손
광주광역시 광산구 송정동 1001-9번지,35.137498,126.7920619,2018-05-09,0.5,0.4,1.5,하수관로 파손
인천광역시 미추홀구  경인로 270-1 일원 2차선 도로,,,2018-05-09,3,3,5,상수관로 파손
경상북도 포항시 북구 흥해읍 동해대로 1352(만남의광장 휴게소),36.093781,129.3429659,2018-05-10,3.7,2,0.12,지반 시공불량
충청북도 청주시 청원구 내덕동 188-3,36.6569123,127.4887623,2018-05-11,1.5,3,1.5,하수관로 파손
광주광역시 북구 용봉동 1248-10번지 주변,35.1777781,126.8976964,2018-05-12,0.5,0.5,2,맨홀 시공불량
광주광역시 광산구 송촌동 1-146번지,35.1380019,126.7815846,2018-05-14,0.5,1,1.5,하수관거 파손
충청북도 청주시 서원구 분평동 249-5번지,36.6122957,127.4829274,2018-05-14,1.5,1.5,2,하수관거 파손
충청북도 제천시 장락동 180-2번지,37.1422818,128.2282021,2018-05-14,4.2,4,0.1,우수시설 파손
경상북도 상주시 화동면 보미리 산 43-1번지 일원,36.3796503,127.9119438,2018-05-15,0.3,0.6,1,원인미상
경기도 용인시 처인구 김량장동 383번지,37.2339224,127.2011599,2018-05-15,1,1,1,"복합요인 (우수관로 노후화, 맨홀 파손)"
경기도 남양주시 화도읍 월산리 374-10,37.6535961,127.3320887,2018-05-16,1,2,1,우수관로 파손
광주광역시 광산구 소촌동 603-4번지,35.1459885,126.7915347,2018-05-17,1,1.2,0.1,하수관로 파손
광주광역시 광산구 월곡동 526-4번지,35.1701224,126.807623,2018-05-17,0.5,0.5,1,하수관로 파손
강원특별자치도 원주시 단계동 왕국회관 앞,,,2018-05-21,1.5,3,1,지반 시공불량
경상북도 영주시 문수면 월호리 1406번지 앞,36.7442211,128.6061421,2018-05-21,7,1,1.5,하수관로 파손
광주광역시 광산구 월곡동 545-9번지,35.1694572,126.8101517,2018-05-25,1,1,1.5,하수관거 파손
충청북도 청주시 흥덕구 복대동 204-11,36.6354162,127.4392682,2018-05-25,0.5,0.5,0.5,하수관로 파손
강원특별자치도 원주시 태장동 6612 부대 앞,,,2018-05-29,2.3,3,1.3,지반 시공불량
부산광역시 동래구 온천동 1646 ( 백옥사우나 일원),35.2042763,129.0587849,2018-05-30,1,2,1,하수관로 파손
부산광역시 사상구  장인로 77번길 33,,,2018-05-30,4,8,1,하수관로 파손
대구광역시 수성구 만촌동 달구벌대로 대륜고등학교 정문 앞,,,2018-05-30,1,1,2,맨홀 파손
충청북도 청주시 상당구 금천동 94-17,36.6262934,127.5056388,2018-05-30,2.5,1,0.5,하수관로 파손
충청북도 청주시 청원구 우암동 111-13,36.6498088,127.489891,2018-05-30,2.5,3.5,2,하수관로 노후화
강원특별자치도 원주시 단계동 무상길48-6,,,2018-05-31,1.8,2.3,1.8,상수관로 파손
충청북도 청주시 서원구 사창동 154-1번지,36.6340499,127.4584931,2018-05-31,0.5,0.5,0.5,하수관거 파손
충청북도 청주시 청원구 율량동 1015,36.6661072,127.4914217,2018-06-01,2,3,2,하수관로 파손
인천광역시 남동구  석정로 간석역북광장 사거리,,,2018-06-03,0.3,0.3,1,하수관거 시공불량
세종특별자치시 -  금남면 부용리 613-6,,,2018-06-04,4,3.5,3.5,상수관로 파손
경기도 부천시 중동 679-5번지,37.496769,126.7617314,2018-06-04,0.5,2,0.3,하수관로 노후화
경기도 부천시 상동 420-13번지,37.4932158,126.7594901,2018-06-04,3,1,0.6,하수관로 노후화 
광주광역시 광산구 흑석동 506번지,35.1843894,126.8101855,2018-06-05,1.8,1.8,1.2,하수관로 파손
전라남도 여수시 공화동 1184-22 도,34.747398,127.7415701,2018-06-05,1,1,0.1,타 지하시설물 파손
인천광역시 중구  서해대로410번길 39 앞 도로,,,2018-06-05,0.2,0.2,1,하수관로 시공불량
충청북도 청주시 서원구 모충동 412-2번지,36.6286838,127.4770895,2018-06-06,0.5,0.5,1,하수관로 노후화
충청북도 청주시 서원구 분평동 1385,36.6066251,127.4891749,2018-06-06,0.5,0.5,1,하수관로 시공불량
울산광역시 동구  대송로 12 (생생마트 앞),,,2018-06-07,1,1,1.5,하수관거 파손
충청북도 청주시 서원구 분평동 249-26번지,36.6120464,127.4836197,2018-06-07,0.5,0.5,2,하수관로 시공불량
전라남도 장성군 황룡면 와룡리 36-18,35.2709786,126.766062,2018-06-07,2,2,0.4,원인미상
인천광역시 서구 백석동 54 한들로 교차점 부근,37.576931,126.6745791,2018-06-07,1,1,1,하수관로 시공불량
경기도 안양시 동안구 호계동 1022-5,37.3723316,126.9598541,2018-06-07,1,1,1,하수관로 파손
부산광역시 부산진구  신천대로 246 메리움 아파트 옆 이면도로,,,2018-06-08,1.6,1.5,1.5,타 지하시설물 시공불량
경기도 용인시 기흥구 언남동 356번지,37.2943051,127.1182177,2018-06-08,0.3,0.4,1,맨홀 파손
충청북도 청주시 상당구 방서동 210-3,36.6046926,127.5020354,2018-06-10,1,1,0.5,우수관로 파손
충청북도 청주시 서원구 사창동 149-11번지,36.6344682,127.45715,2018-06-11,0.3,0.3,0.5,하수관로 시공불량
경기도 부천시 심곡2동 380-11,37.4871548,126.7809224,2018-06-11,0,0,0.5,맨홀 노후화
광주광역시 광산구 비아동 66-62번지,35.2204669,126.8255149,2018-06-12,1.2,0.8,1,하수관로 파손
충청북도 청주시 청원구 우암동 333-11,36.6459847,127.4839209,2018-06-12,2,3,2,하수관로 파손
경기도 수원시 팔달구 화서동 212-2번지 앞,37.2812511,126.9964956,2018-06-13,0,0,1.1,하수관로 파손
충청북도 청주시 흥덕구 가경동 1386,36.627706,127.4329326,2018-06-14,0.5,0.5,0.5,하수관로 파손
경상북도 영주시 영주동 426-2번지 앞,36.8211709,128.6206642,2018-06-14,1,1,1,우수관로 파손
경기도 수원시 팔달구 인계동 323-5번지 앞,37.275595,127.032038,2018-06-14,0,0,1.2,하수관로 파손
강원특별자치도 원주시  중앙로40 민생반점 앞,,,2018-06-15,3,4.5,1.2,지반 시공불량
인천광역시 중구  축항대로118번길 135,,,2018-06-15,0.9,0.5,1,하수관로 파손
강원특별자치도 원주시 무실동 144 해장국집 앞,37.3233714,127.9271979,2018-06-18,2.7,3,1.2,지반 시공불량
인천광역시 부평구  경인로 760 부평삼거리역 2번출구,,,2018-06-18,0.5,1,1,하수관로 노후화
경기도 남양주시 화도읍 묵현리 435-8,37.657092,127.2752309,2018-06-18,0,0,1,우수관로 파손
부산광역시 연제구  배산로 24-1,,,2018-06-19,1,1,0.8,지반 시공불량
광주광역시 광산구 운남동 769-4번지,35.1781391,126.8204384,2018-06-19,0.7,0.6,1,하수관로 파손
경기도 동두천시 안흥동 121-1,37.9334622,127.0419584,2018-06-19,0.7,0.8,1,지반 시공불량
광주광역시 광산구 도산동 662-6번지,35.1265235,126.7929267,2018-06-20,0.5,0.7,1.1,하수관로 파손
전라남도 완도군 약산면 지방도 830호선 보건지소 뒤,,,2018-06-20,1.3,1.3,1,지반 시공불량
경상북도 포항시 북구 청하면 덕장리 중고차 200m 전,,,2018-06-20,6,12,0.6,도로 노후화
경기도 여주시 흥문동 427-7 삼한아파트 진입로,,,2018-06-20,1,1,0.5,집중강우
충청북도 청주시 청원구  청주내덕노인복지관 내 주차장,,,2018-06-21,1.5,2,1,맨홀 파손
충청북도 충주시  대원9길27,,,2018-06-21,0.5,3,0.7,우수관로 시공불량
경상북도 영주시 휴천동 328-3번지 앞,36.8095729,128.6220829,2018-06-21,1,1,1,우수관로 파손
충청북도 충주시  동수10길26,,,2018-06-24,1.2,1.2,2,우수관로 파손
광주광역시 광산구 월곡동 620번지,35.1733306,126.8082152,2018-06-25,0.8,0.6,1.2,하수관로 파손
충청북도 청주시 청원구 율량동 1052,36.6673895,127.4924088,2018-06-26,2,3,2,하수관로 파손
경기도 여주시 산북면 광여로 1526,37.4190007,127.4658034,2018-06-26,1,2,0.1,상수관로 시공불량
"제주특별자치도 제주시 삼도일동 서광로 15길 27
 재활용센터 앞",,,2018-06-27,0.5,0.5,1,하수관로 시공불량
제주특별자치도 제주시 용담이동 다호길 131,,,2018-06-27,0.5,1,1,타 지하시설물 시공불량
경기도 용인시 수지구 풍덕천동 69-112번지,37.3247795,127.0998373,2018-06-27,1,1,1,맨홀 파손
경기도 부천시 소사동 18-38,37.4849031,126.793246,2018-06-28,0,0,0.5,하수관로 노후화
경기도 안양시 동안구 호계동 1014-1,37.386567,126.9454961,2018-06-28,1,1,1,하수관로 파손
충청북도 청주시 상당구 남일면 효촌리 주원애뜰앞 사거리,,,2018-06-30,1,3,0.3,하수관로 시공불량
경상북도 구미시 신평동 168-16(구미대로32길 1 인근),36.1206996,128.3631234,2018-06-30,1,1.5,1.5,하수관로 노후화
부산광역시 사하구  반도보라아파트 102동 앞,,,2018-07-01,1.5,3,1.5,하수관로 파손
대전광역시 서구 월평동 진달래네거리 갑천초등학교 방면,,,2018-07-01,2,5,2,"복합요인 (하수관로 파손, 집중강우)"
강원특별자치도 원주시 우산동 한지공장 앞,,,2018-07-03,3.3,4.2,1,지반 시공불량
대전광역시 서구 월평동 백합네거리 월평동 265번지 방면,,,2018-07-03,1,0.5,1,하수관로 시공불량
인천광역시 연수구  인천타워대로 155 인근,,,2018-07-04,5,2,6,하수관로 파손
강원특별자치도 원주시 흥업면 흥업리 181,37.2981949,127.92191,2018-07-05,2,2.8,1,지반 시공불량
경상남도 진주시 상평동 구 삼삼주유소 사거리,,,2018-07-06,3,1.5,3,폐수관로 파손
충청남도 공주시 유구읍 신영리 522,36.5639696,126.9660346,2018-07-10,0.5,0.5,1,상수관로 시공불량
부산광역시 동래구  번영로 서울방향 원동IC 300m 지난지점 1차로,,,2018-07-11,3.5,3.5,3.6,연약지반
강원특별자치도 원주시 명륜동 교촌길2,,,2018-07-12,2.7,3.2,1.5,상수관로 파손
경상북도 포항시 북구 청하면 청하삼거리 현대북포항서비스 앞,,,2018-07-12,5.5,2.4,0.04,도로 노후화
경상북도 포항시 북구 청하면 포항cc 입구 전방,,,2018-07-12,1.1,1.6,0.04,도로 노후화
전북특별자치도 정읍시 이평면 산매리 968번지 근처(덕천천),35.6458482,126.8168506,2018-07-13,1.5,2.3,1.5,타 지하시설물 시공불량
광주광역시 북구 양산동 283-20번지 주변,35.2056772,126.8724438,2018-07-15,0,0,1,맨홀 노후화
경기도 수원시 팔달구  수원시청역 사거리 교차로 내,,,2018-07-15,1,1,0.15,타 지하시설물 시공불량
부산광역시 연제구  중앙대로1028,,,2018-07-16,1,1,0.5,지반 시공불량
경기도 부천시 원미동 76-1번지,37.4951762,126.7917478,2018-07-16,2,4,1.5,하수관로 파손
인천광역시 중구  축항대로 234 연안아파트 앞 도로,,,2018-07-17,0.4,0.4,1,하수관로 파손
경기도 부천시 소사동 소사동3-4,,,2018-07-17,0,0,0.5,맨홀 노후화
경기도 부천시 춘의동 75-9번지,37.5047039,126.7900493,2018-07-17,2,1.8,0.2,하수관로 파손
경상북도 포항시 북구 청하면 청하삼거리 후방 명가짜장 진입로,,,2018-07-18,2.6,17,0.13,도로 노후화
부산광역시 수영구  광안해변로277번길 3 앞,,,2018-07-19,0.7,0.8,1,하수관거 파손
부산광역시 연제구  월드컵대로 233,,,2018-07-20,1,1,1.5,지반 시공불량
전라남도 영광군 대마면 원흥리 17-7 버스승강장 옆 마을 진입로,35.3024722,126.5671466,2018-07-20,2,1,0.1,상수관로 시공불량
부산광역시 북구 화명동 941-1번지 일원 지하철 2호선 상부도로,35.2230002,129.0090208,2018-07-23,5,1.5,1.7,타 지하시설물 시공불량
경상북도 청도군 금천면 동곡리 885-36,35.6857743,128.8931994,2018-07-23,3.5,10,2,"복합요인 (상수관로, 하수관로, 타 지하시설물 과다 매설)"
경기도 부천시 소사동 17-15,37.4849089,126.7923542,2018-07-23,1,1,0.5,맨홀 노후화
경기도 부천시 원미동 1-23번지,37.4991468,126.793116,2018-07-23,1,1,0.2,우수시설 파손
대구광역시 서구 평리동 평리네거리,,,2018-07-25,4,4,4,상수관로 파손
부산광역시 남구  석포로 64번길 69-1일원,,,2018-07-26,2,2,0.5,지반 시공불량
경기도 부천시 춘의동 155-1번지,37.5041293,126.7916873,2018-07-26,5.4,6,0.2,지반 시공불량
강원특별자치도 삼척시 가곡면 풍곡리 삼방공원,,,2018-08-01,2,45,0.1,연약지반
경기도 부천시 원미동 33-1번지,37.4986432,126.7907743,2018-08-01,3,10,0.2,지반 시공불량
부산광역시 북구 덕천동 814-1 덕천동 기비골 아파트 내 삼거리도로,35.2174247,129.0206383,2018-08-02,1,1,0.3,하수관로 파손
"부산광역시 부산진구  서전로 35 , 서전로 41",,,2018-08-06,2,1.2,1,타 지하시설물 시공불량
강원특별자치도 원주시 명륜동 성원 상가 나동,,,2018-08-08,2.8,2,1.5,상수관로 파손
강원특별자치도 원주시 흥업면 현대아파트 상가,,,2018-08-09,2,2,1.7,상수관로 파손
광주광역시 광산구 안청동 740-1,35.2132027,126.804473,2018-08-09,1.8,0.5,1,하수관로 파손
인천광역시 부평구  산곡사거리 금호아파트 인근,,,2018-08-10,6,6,0.5,상수관로 노후화
경기도 구리시 교문동 223-2번지 (중앙예식장 사거리),37.5993878,127.1361564,2018-08-11,0.3,0.3,0.5,하수관로 시공불량
광주광역시 북구 우산동 232-1(구두수선소 앞),35.1720103,126.9222626,2018-08-12,0.5,0.5,1,하수관거 파손
경기도 부천시  까치울사거리역,,,2018-08-12,4,4,0.3,맨홀 파손
경상남도 진주시  천전동 동부농협 오거리,,,2018-08-13,1,1.2,1.5,하수관로 파손
경기도 부천시 심곡동 349-6,37.4881923,126.7833429,2018-08-15,1,1,0.5,하수관로 노후화
경기도 고양시 일산서구 일산동 2340,,,2018-08-16,2.5,2,1.5,하수관로 파손
경기도 용인시 기흥구 마북동 139 현대필그린아파트 단지 내,37.3073724,127.1284497,2018-08-17,1,1,1.5,우수관로 파손
경상북도 상주시 도남동 산 2-1,36.4550858,128.2489572,2018-08-18,3,4,1,타 지하시설물 파손
부산광역시 연제구  월드컵대로 21,,,2018-08-21,1,1,1,상수관로 파손
전라남도 순천시 풍덕동 867-1번지,34.9429663,127.5039684,2018-08-21,65,1,0.5,지반 시공불량
경기도 부천시 원미동 106-17번지,37.4939368,126.7867388,2018-08-22,2,2.4,0.2,지반 시공불량
전라남도 순천시 석현동 34-1번지 내 교차로,34.9657686,127.4876822,2018-08-24,3,3,0.3,지반 시공불량
충청북도 제천시  내토로41길 8,,,2018-08-28,1.3,1.1,0.5,타 지하시설물 시공불량
광주광역시 남구 봉선동 봉선중길 26-1,,,2018-08-29,1.5,1.5,2.5,하수관로 파손
광주광역시 동구 수기동 81번지 주변,35.1496807,126.9103613,2018-08-29,0,0,1.5,하수관로 파손
경기도 수원시 팔달구  수원시청역 사거리 교차로 내,,,2018-08-29,2,4,0.2,타 지하시설물 시공불량
강원특별자치도 원주시 귀래면 운남리 경로당 앞,,,2018-08-31,3,3.2,1,지반 시공불량
충청북도 음성군 삼성면 용성리 산128-1번지,37.0015392,127.4755857,2018-09-03,1,1,1.5,집중강우
충청북도 단양군 단양읍 심곡리 147,36.9630174,128.3583983,2018-09-03,1.5,1.5,3,원인미상
경기도 고양시 일산서구 주엽동 151,37.6742372,126.764341,2018-09-03,3,2,0.5,하수관로 파손
경기도 부천시 심곡동 349-3,37.4887033,126.7832893,2018-09-03,3,5,0.5,하수관로 노후화
경기도 부천시 도당동 260-5번지,37.5083589,126.7842748,2018-09-03,3.5,10,0.2,지반 시공불량
충청북도 제천시  용두천로 98 종로약국 앞,,,2018-09-04,1.1,1.3,0.6,상수관로 파손
충청북도 제천시 장락동 843번지 앞,37.15161,128.2198976,2018-09-07,0.2,0.2,2.8,원인미상
경기도 부천시 역곡동 85-3번지,37.4876511,126.8109473,2018-09-07,5,13,0.2,지반 시공불량
대전광역시 서구 월평동 월평동로 다모아아파트 102동 앞,,,2018-09-08,2,2,2,하수관로 파손
경상남도 창원시 의창구 신월동 90(신월주공아파트 앞),,,2018-09-10,1.5,2,1.5,하수관로 노후화
경기도 부천시 춘의동 126-36번지,37.5053308,126.7828636,2018-09-10,2.8,18,0.2,지반 시공불량
강원특별자치도 원주시 명륜동 향교길 9,,,2018-09-11,1.2,1.5,1.6,상수관로 파손
경기도 부천시 원미동 177-149번지,37.4926564,126.7919032,2018-09-11,4,16,0.2,지반 시공불량
경기도 부천시 심곡동 399-11,37.4864466,126.7799923,2018-09-12,4,10,0.5,하수관로 노후화
경기도 부천시 심곡동 426-4,37.4903643,126.7803054,2018-09-12,1,1,0.5,하수관로 노후화
경기도 부천시 원미동 75-5번지,37.4965712,126.7910696,2018-09-12,3,12,0.2,원인미상
경기도 부천시 춘의동 200-1번지,37.5015997,126.7893582,2018-09-12,2.4,70,0.3,지반 시공불량
울산광역시 남구 선암동 308-5번지 일원 (사평로)명동삼거리에서 공단 2정문 방향 약 150m 지점,35.5081712,129.3349098,2018-09-13,3,5,3,타 지하시설물 파손
광주광역시 광산구 우산동 1582-4,35.1622724,126.8078377,2018-09-14,0.3,0.7,1,하수관로 파손
"울산광역시 울주군 온산읍 원산리 1241(우봉 이진로, S-OIL부지 앞)",35.4189182,129.3637665,2018-09-14,1,1,2,연약지반
경기도 부천시 원미동 50-4번지,37.4966386,126.7920546,2018-09-20,1.5,27,0.2,지반 시공불량
경기도 부천시 중동 628-10번지,37.4963191,126.7647414,2018-09-20,1,1,1,하수관로 파손
경기도 여주시 강천면 굴암1길 33,37.2384301,127.7004501,2018-09-21,1,1.5,0.1,상수관로 시공불량
경기도 부천시 원미동 83-20번지,37.4954352,126.7887732,2018-09-24,1.5,20,0.2,지반 시공불량
경기도 부천시 역곡동 80-3번지,37.485508,126.8110393,2018-09-26,2.5,19,0.3,지반 시공불량
강원특별자치도 원주시 지정면 간현4리 경장동,,,2018-09-28,1.3,2,1.7,상수관로 파손
전라남도 장성군 황룡면 와룡리 35-21,35.2715974,126.7668831,2018-10-01,2,2,2,원인미상
강원특별자치도 원주시 지정면 간현리 경장길19-11,,,2018-10-04,1,2.1,1.7,상수관로 파손
세종특별자치시 - 보람동 629-2(금남프라자),,,2018-10-05,1,2,1,우수관로 파손
울산광역시 동구 서부동 178번지(명덕마을 앞 교차로 인근),35.5241341,129.4329072,2018-10-07,5,5,4,하수관로 파손
전북특별자치도 고창군 성내면 내토마을회관 앞,,,2018-10-08,0.5,1,0.5,하수관거 시공불량
강원특별자치도 원주시 태장동 일야미 어린이집 앞,,,2018-10-09,5.8,7.3,2.3,상수관로 파손
경기도 수원시 팔달구  수원시청역 사거리 교차로 내,,,2018-10-10,2,1.5,0.1,타 지하시설물 시공불량
강원특별자치도 원주시 개운동 원흥2차APT,,,2018-10-12,2.2,2,2,상수관로 파손
경기도 부천시 춘의동 산55-4번지,37.5006832,126.8087578,2018-10-14,6,13,0.3,지반 시공불량
강원특별자치도 원주시 우산동 안전공업사앞,,,2018-10-15,4,5.5,2.4,상수관로 파손
경기도 광주시 역동 27-15,37.4058432,127.2599576,2018-10-15,0.5,60,0.1,하수관로 파손
경기도 부천시 도당동 136-2번지,37.5219295,126.7941055,2018-10-19,6,3,0.3,지반 시공불량
경기도 부천시 원미동 162-34번지,37.4932378,126.7939784,2018-10-21,2,4,0.3,지반 시공불량
강원특별자치도 속초시 조양동 1441-2,38.1912995,128.5997053,2018-10-24,3,6.5,0.15,타 지하시설물 시공불량
강원특별자치도 속초시 조양동 1431-1 비치하우스 대지경계,38.1909539,128.6003534,2018-10-24,3,2.5,2.5,타 지하시설물 시공불량
"경상북도 경주시 내남면 덕천리 894-1번지 일원,904지방도",35.7452748,129.176386,2018-11-01,1.5,2000,0.1,하수관로 시공불량
"경상북도 경주시 조양동 259-2 일원,조양동 탑리마을",35.7773512,129.2753755,2018-11-01,4,600,0.1,하수관로 시공불량
강원특별자치도 원주시 문막읍 문막리 191 순복음교회,37.3040272,127.82295,2018-11-06,2.2,3,2,지반 시공불량
충청남도 아산시 도고면 금산리 서해안휴게소(금산주유소) 입구 -국도21호,,,2018-11-06,1.5,1.5,0.6,하수관로 노후화
부산광역시 사하구  다대로 277번길 85 내 도로,,,2018-11-08,1,1,1,원인미상
경기도 여주시 흥천면 외사리 280-3 일원,37.3452081,127.4939693,2018-11-26,1,1.5,0.1,상수관로 시공불량
경기도 여주시 산북면 산북파출소 앞,,,2018-11-26,1,3,0.1,상수관로 시공불량
충청북도 청주시 흥덕구 운천동 722번지 앞(산정공원),36.6486468,127.4728543,2018-11-27,0.6,0.6,0.6,하수관로 노후화
강원특별자치도 원주시 판부면 남송 침례교회앞,,,2018-11-29,5.4,6,2,상수관로 파손
강원특별자치도 삼척시 교동 151(전),37.4507266,129.1688598,2018-12-01,0.4,0.4,2,연약지반
강원특별자치도 원주시  봉화로 101 태백한우촌 뒤,,,2018-12-01,3.1,3.5,1.6,상수관로 파손
"경상북도 경주시 산내면 의곡초등(의곡리 84)- 대현지(저수지) 일원,921지방도",,,2018-12-01,20,21,0.05,맨홀 시공불량
경상북도 경주시 강동면 국당리 904-5 - 왕신리 779-1,35.9803967,129.2855474,2018-12-01,20,5,0.05,맨홀 시공불량
경상북도 경주시 안강읍 양월리 89번지,36.0045469,129.2272489,2018-12-01,7.5,2,0.05,맨홀 시공불량
강원특별자치도 원주시 우산동 덕원아파트 상가,,,2018-12-05,2,2,2,상수관로 파손
부산광역시 금정구  금강로 279-1 앞 교차로,,,2018-12-05,2,3,1,하수관로 시공불량
경상남도 김해시 내동 186-13번지 앞,35.2388202,128.8565131,2018-12-06,1,1.5,1.5,"복합요인(하수관로 노후화, 맨홀 파손, 타 지하시설물 파손)"
강원특별자치도 고성군 현내면 철통리 122-5 도로일대,38.4935278,128.4256645,2018-12-10,5,15,3,타 지하시설물 파손
부산광역시 기장군  청강리 795-9번지 일원,,,2018-12-13,4,3.4,1.7,하수관거 노후화
경상북도 경산시 압량면 가일리 100-6번지 일원,35.8427532,128.7844852,2018-12-14,1.2,55,0.07,타 지하시설물 시공불량
경기도 남양주시 금곡동 175-13번지,37.6368576,127.2147977,2018-12-18,0.3,4,1,우수관로 파손
강원특별자치도 고성군 현내면 현내면 초도리 225(동해반점 앞) 도로일대,,,2018-12-21,3,30,3,타 지하시설물 파손
강원특별자치도 원주시  원동59-3 KBS부근,,,2018-12-22,1.3,1.3,1.8,상수관로 파손
경기도 수원시 팔달구  수원시청역 사거리 교차로 내,,,2018-12-22,3,4,0.1,타 지하시설물 시공불량
강원특별자치도 강릉시 사천면 사천진리 266-2 도로일원,37.8440621,128.8722539,2018-12-31,2,3,0.1,연약지반
강원특별자치도 강릉시 사천면 판교리 550 마을안길 일원,37.8356327,128.8520761,2018-12-31,3,20,0.3,연약지반
충청남도 공주시 탄천면 광명리 235-2번지 일원,36.3315363,127.0678529,2018-07-11,2,3,1.5,하수관로 파손
광주광역시 동구  금남로4가역 1번출구 앞,,,2018-03-03,2,2,0.5,지반 시공불량
광주광역시 동구 학동 제봉로 10(이상명 내과),,,2018-04-09,1,1.5,1.5,지반 시공불량
광주광역시 동구  금남로4가역 1번출구 앞(국민은행),,,2018-05-11,2,2,1.5,지반 시공불량
제주특별자치도 제주시  남광로 228 주차장 앞,,,2018-06-14,1,1,1,연약지반
제주특별자치도 제주시  지석8길 13-11,,,2018-07-06,0.5,0.5,1,우수시설 파손
충청북도 청주시 청원구  내덕동 648-14,,,2018-03-10,7,8,1.5,하수관로 파손
충청북도 청주시 청원구  내덕동 740-10,,,2018-03-22,2,2.5,3,하수관로 파손
충청북도 청주시 청원구  오창읍 탑리 429-2,,,2018-03-26,1.5,2,2,하수관로 노후화
충청북도 청주시 청원구  우암동 397-20,,,2018-04-02,1,4,1.5,하수관로 노후화
충청북도 청주시 청원구  우암동 766-6,,,2018-04-04,1.5,2,2,하수관로 노후화
충청북도 청주시 청원구  율량동 1183,,,2018-04-17,2.5,3.5,3,하수관로 노후화
충청북도 청주시 청원구  1순환로 339번길 34,,,2018-04-24,1.5,2,2,하수관로 파손
충청북도 청주시 청원구  내덕동 740-10,,,2018-05-03,2,2.5,3,하수관로 시공불량
충청북도 청주시 청원구 내덕동 188-3,36.6569123,127.4887623,2018-05-11,1.5,2.5,1.5,하수관로 파손
충청북도 청주시 서원구  분평동 249-5,,,2018-05-14,1,1,2,하수관거 파손
충청북도 청주시 청원구  우암동 111-13,,,2018-05-30,2.5,3.5,2,하수관로 파손
충청북도 청주시 서원구  사창동 154-1,,,2018-05-31,3,3,0.5,하수관거 파손
충청북도 청주시 청원구  율량동 1015,,,2018-06-01,2,3,1.5,하수관로 파손
충청북도 청주시 서원구  분평동 249-26,,,2018-06-07,1,1,2,하수관거 시공불량
충청북도 청주시 서원구  사창동 149-11,,,2018-06-11,1,1,0.5,하수관거 시공불량
충청북도 청주시 청원구  우암동 333-11,,,2018-06-12,4,5,2,하수관로 파손
충청북도 청주시 청원구  율량동 1052,,,2018-06-26,2,3,1.5,하수관로 노후화
서울특별시 강서구 화곡동 50-120(거성빌라 입구),37.5427616,126.8499225,2019-04-24,1.2,1.2,1,하수관로 노후화
경상남도 김해시 진영읍 신용리 405-11일원,35.3010583,128.7570343,2019-01-02,1200,1200,0.5,연약지반
인천광역시 부평구 청천동 112 번지 쌍용아파트 삼거리,37.5168576,126.7163811,2019-01-18,4,5,5,지하수위 변화
광주광역시 광산구 비아동 86-3번지,35.2218956,126.8250008,2019-01-24,2,2,1,하수관로 파손
세종특별자치시 - 나성동 2-4생활권(주상복합 공사현장 주변도로),,,2019-01-31,0.2,50,0,타 지하 시설물 시공불량
전라남도 해남군 황산면 송호리 167-6 일원,34.5757938,126.4697378,2019-02-01,2,4,0.5,원인미상
전라남도 해남군 황산면 연당리 359-5 일원,34.5738055,126.4032755,2019-02-01,2,5,0.5,원인미상
인천광역시 부평구 청천동 112 번지 쌍용아파트 삼거리,37.5168576,126.7163811,2019-02-06,2,2,1.5,지하수위 변화
인천광역시 부평구 청천동 112 번지 쌍용아파트 삼거리,37.5168576,126.7163811,2019-02-08,3,4,5,지하수위 변화
경기도 고양시 덕양구 내유동 298-3,37.7121997,126.8526256,2019-02-12,1,1,3,하수관로 파손
경기도 부천시  경인옛로 111,,,2019-02-13,2,0.7,0.03,지반 시공불량
"경상남도 양산시 북부동 154-11, 삼우아파트",35.3478684,129.0364616,2019-03-06,50,1,0.1,연약지반
"경상남도 양산시 북부동 154-10, 신양주1차아파트",35.3471245,129.0361361,2019-03-06,5,2,0.1,연약지반
"경상남도 양산시 북부동 153-7, 신양주2차아파트",35.3478441,129.037168,2019-03-06,5,2,0.1,연약지반
"경상남도 양산시 북부동 462-33, 해동아파트",35.3462168,129.0357675,2019-03-06,40,2.5,0.1,연약지반
"경상남도 양산시 북부동 462-16, 신우아파트",35.3459063,129.0355262,2019-03-06,42,3,0.1,연약지반
"경상남도 양산시 북부동 462-5, 삼보아파트",35.3453415,129.0353333,2019-03-06,108,1,0.2,연약지반
"경상남도 양산시 북부동 삼일로 75-1, 아레나매장빌딩",,,2019-03-07,20,10,0.1,연약지반
경상남도 양산시 북부동 북안남2길36,,,2019-03-12,50,34,0.3,타 지하시설물 시공불량
광주광역시 남구 진월동 한신아파트 일원,,,2019-03-15,1,1,1,원인미상
"경상남도 양산시 북부동 양주3길 36(양주동), 제2청사",,,2019-03-15,3,190,0.1,연약지반
경기도 화성시 양감면 신왕리 113-3,37.0766081,126.9581692,2019-03-15,1,1,0.2,원인미상
경기도 화성시 양감면 정문리 504-15,37.0896699,126.9810507,2019-03-18,1,1.2,0.2,지반 시공불량
광주광역시 광산구 도천동 622-3번지,35.208616,126.8138249,2019-03-20,3,2,1,맨홀 파손
부산광역시 사하구  다대로 268-1 앞 인도(다대동),,,2019-03-21,1,1,1,하수관로 시공불량
경기도 부천시 춘의동 72-5번지,37.505611,126.788096,2019-03-21,0.5,2,0.2,지반 시공불량
경상남도 거제시 장평동 571-3,34.8924965,128.6028296,2019-03-28,1.5,1.5,0.5,맨홀 노후화
"경상남도 양산시  삼일로 65, 현대타운빌딩",,,2019-03-28,1,25,0.1,연약지반
"경상남도 양산시  삼일로 67, 네오프라자상가",,,2019-03-28,3,5,0.1,연약지반
"경상남도 양산시  양주3길 40-13, 양주초등학교",,,2019-03-28,15,11,0.1,연약지반
부산광역시 동래구 온천동 1134-26번지,35.2112695,129.062832,2019-04-03,1,3,1.5,하수관로 노후화
"경상남도 양산시  양산대로 849, 양산종합운동장",,,2019-04-03,33,43,0.1,연약지반
"경상남도 양산시 중부동 605-6, 중부동 1,3공영주차장",35.3398221,129.0354135,2019-04-04,40,2,0.1,연약지반
광주광역시 광산구 월계동 896-4번지,35.2101665,126.8421524,2019-04-05,0.7,0.8,1,맨홀 파손
경상남도 김해시 주촌면 주촌선천지구 28블록 2로트 옆 아파트 조경 및 부출입구,,,2019-04-05,2.5,25,0.4,연약지반
충청남도 당진시 송악읍 복운리 일원(부곡공단 내 해안도로),,,2019-04-06,0.3,0.3,1.5,타 지하시설물 노후화
경상남도 양산시  양주3길 36(양주동),,,2019-04-08,8,5,0.1,연약지반
경기도 부천시  심중로 55,,,2019-04-10,2.5,98,0.7,상수관로 시공불량
경기도 남양주시 진접읍 장현리 409번지,37.7220439,127.1815914,2019-04-10,0.5,1,0.5,지반 시공불량
부산광역시 동래구  명서로 182,,,2019-04-11,2,3,1.5,하수관거 파손
대전광역시 서구  갈마공원네거리 일원,,,2019-04-12,1,1,0.8,하수관로 파손
"경상남도 양산시  중앙로 177, 신한은행",,,2019-04-15,80,1.5,0.1,연약지반
"경상남도 양산시  서일동로16, 보훈회관",,,2019-04-15,20,2,0.1,연약지반
충청북도 청주시 상당구  북문로3가 98번지,,,2019-04-16,1,1,0.5,하수관로 파손
"경상남도 양산시  중앙로 198, 대한상공회의소",,,2019-04-16,60,1.5,0.1,연약지반
경상남도 양산시  북안남2길 24-11,,,2019-04-16,25,2,0.1,연약지반
광주광역시 광산구 하남동 505-1번지,35.1865635,126.7960034,2019-04-18,1,1.2,1,하수관로 파손
부산광역시 강서구 명지동 3589-5번지 일원 도로,35.0921139,128.903401,2019-04-22,27,13.4,1.4,지반 시공불량
경기도 화성시 팔탄면 기천리 390,37.1828776,126.9046923,2019-04-22,1,1,0.2,지반 시공불량
부산광역시 동래구  우장춘로 67번길 2,,,2019-04-23,1,1,1,하수관거 파손
경상남도 김해시 어방동 365-5번지,35.2390292,128.9014655,2019-04-24,1,1,1,맨홀 파손
경기도 부천시 중동 1056 사거리 코너,37.5044163,126.7695314,2019-05-02,2,2,2,하수관거 시공불량
경기도 고양시 덕양구 효자동 177-2번지,37.6602739,126.9497383,2019-05-03,1,1,1.5,하수관로 파손
경기도 부천시  심곡로34번길 43 앞 사거리,,,2019-05-03,0.7,1,1,맨홀 파손
충청북도 청주시 청원구 내덕동 103-3번지,36.6571629,127.4953279,2019-05-07,2,2,2,하수관로 파손
경기도 고양시 덕양구 행신동 226-4번지,37.6221886,126.8457416,2019-05-08,0.5,0.5,1,하수관로 파손
경기도 고양시 덕양구 화전동 218-6번지,37.6017779,126.8729226,2019-05-10,1,0.5,1,하수관로 파손
부산광역시 사하구 신평동 409-9(신평동),35.094673,128.9627035,2019-05-11,1.2,1.2,1.5,하수관로 파손
대전광역시 대덕구 신탄진동 127-28번지 일원,36.4519635,127.4347161,2019-05-11,2,4,0.5,하수관로 파손
부산광역시 동래구 명륜동 386 동래전화국,35.2041884,129.0830564,2019-05-13,0.5,2,1,하수관거 파손
경기도 고양시 일산서구 주엽동 14,37.6746561,126.7563054,2019-05-14,1,1,0.5,하수관로 파손
울산광역시 울주군 서생면 화정리 935번지(서생삼거리 인근),35.3936367,129.3289642,2019-05-19,1.5,1.5,2,하수관로 노후화
인천광역시 중구  월미로233번길 11,,,2019-05-20,2,15,0.1,지반 시공불량
대전광역시 동구  대동역 1번출구 앞 2차선,,,2019-05-22,4.2,6,0.15,상수관로 파손
대전광역시 중구 선화동 430-10,36.3254955,127.4164914,2019-05-22,1,1,0.5,하수관로 파손
경기도 부천시 도당동 72-9번지,37.5141814,126.7870589,2019-05-22,0.5,3,0.2,지반 시공불량
경기도 고양시 일산동구 백석동 1288-1,37.6457693,126.7856844,2019-05-23,1,1,1,하수관로 파손
경기도 고양시 일산서구 덕이동 274-25,37.6940936,126.7599779,2019-05-23,1,1,0.5,하수관로 파손
대구광역시 달서구 감삼동 죽전네거리(구 알리앙스 앞),,,2019-05-24,2,2,2.5,상수관로 노후화
대전광역시 대덕구 읍내동 483-2번지 일원,36.3750156,127.4184052,2019-05-26,1.8,2,0.5,하수관로 노후화
대전광역시 서구 탄방동 1423번지 앞 2차로,36.3427661,127.3986679,2019-05-27,0.2,0.1,1,하수관로 파손
경상남도 김해시 내동 1101-7번지,35.2374108,128.8586146,2019-05-27,1,0.5,1,우수시설 파손
광주광역시 동구 학동 12-1번지,35.1401503,126.9225697,2019-05-30,0.6,2,1.2,지반 시공불량
강원특별자치도 속초시 동명동 81-1번지,38.2120388,128.595819,2019-05-31,0.5,0.5,0.8,하수관로 파손
"경상남도 양산시 북부동 480-3, 양복교회 건물",35.3472779,129.0370749,2019-05-31,50,3,0.1,연약지반
광주광역시 광산구 오선동 270-49번지,35.2027183,126.7973022,2019-06-04,0.5,0.5,1,하수관로 파손
"경상남도 양산시 북부동 487-9, Y모텔",35.3454162,129.0370752,2019-06-04,14,12,0.1,연약지반
경상남도 진주시 이현동 30-9번지 앞 도로,35.1909841,128.067605,2019-06-04,2.5,1.5,1.5,하수관로 노후화
대전광역시 동구 용전동 12-9번지 앞,36.3577565,127.434701,2019-06-05,2.7,3.8,1,하수관로 파손
경기도 고양시 덕양구 주교동 594-12,37.658398,126.8309057,2019-06-05,1,1,2,하수관로 파손
경기도 부천시 괴안동 108,37.4825378,126.8099728,2019-06-05,1,3,0.07,맨홀 시공불량
강원특별자치도 강릉시 송정동 945번지 앞,37.7741417,128.9274112,2019-06-07,5,5,2.5,하수관로 파손
대전광역시 유성구 구암동 현충원역 3번출구 앞,,,2019-06-08,1,1,0.8,하수관로 파손
"경상남도 양산시 중부동 398-15, 스마트교복담장",35.3435811,129.0346375,2019-06-11,25,1,0.1,연약지반
경기도 고양시 일산서구 일산동 1398,37.6792919,126.76542,2019-06-11,1,1,0.5,하수관로 파손
광주광역시 광산구 신촌동 1090-33번지,35.1439458,126.8019813,2019-06-12,0.5,0.5,1,하수관로 파손
광주광역시 광산구 신가동 872-7번지,35.1820597,126.8274892,2019-06-14,0.5,0.5,1,우수시설 파손
광주광역시 서구 화정동 857-2,35.1413649,126.875121,2019-06-14,1,1,2,우수관로 파손
경기도 부천시 중동 1142-4,37.5023597,126.7731611,2019-06-14,1,1.5,1,타 지하시설물 시공불량
경상남도 진주시 신안동 463-9번지 앞 도로,35.1790554,128.0683636,2019-06-16,0.5,0.5,1,하수관로 파손
대구광역시 수성구 두산동 34-8번지 삼거리 일원,35.8375213,128.6176642,2019-06-17,3,2.7,1.5,하수관로 노후화
부산광역시 해운대구 우동 825-1,35.1601083,129.150524,2019-06-20,1,1,1,타 지하시설물 시공불량
광주광역시 동구  금남로5가 163-1,,,2019-06-20,0.5,3,1.5,하수관로 파손
부산광역시 동래구  미남로130,,,2019-06-22,2,3,1,하수관로 노후화
경기도 화성시 송산동 132-1(황계남길 80),37.2130584,127.0152231,2019-06-22,1,1,0.1,원인미상
경기도 의왕시 포일동 505-107,37.393318,126.9871378,2019-06-23,1.5,1.5,0.03,지반 시공불량
충청북도 청주시 상당구 석교동 126-129번지,36.6276483,127.4927928,2019-06-24,1,1,1,하수관로 파손
충청북도 청주시 상당구 명암동 산60-8번지,36.6488329,127.5147669,2019-06-25,2,2,1,하수관로 파손
경상남도 창원시 진해구 장찬동 391-2번지,,,2019-06-25,1,1,0.5,타 지하시설물 시공불량
인천광역시 계양구  새말사거리,,,2019-06-25,2,2,0.2,맨홀 시공불량
경기도 부천시 중동 1105(신흥로쪽 삼거리),37.5021461,126.7773001,2019-06-25,1.2,2,1.7,타 지하시설물 시공불량
경기도 부천시  부흥로200번길 18,,,2019-06-25,0.6,0.5,1,하수관로 파손
부산광역시 영도구  태종로 668번길 1 일원,,,2019-06-27,2,2,0.5,상수관로 파손
경기도 남양주시 와부읍 덕소리 458-26,37.5874809,127.210678,2019-06-27,1.5,2.5,1.5,우수시설 노후화
전라남도 완도군 완도읍 개포로 146-8,34.3187681,126.7441024,2019-06-29,1,1,0.5,지반 시공불량
경기도 부천시 도당동 83-2번지,37.5123314,126.7852077,2019-06-29,1,2,0.2,하수관로 시공불량
경기도 하남시 신장동 26-15(지번),37.5468034,127.220943,2019-06-29,1.8,1.8,0.8,지반 시공불량
제주특별자치도 제주시 노형동 도령로 33,,,2019-11-05,0.5,0.5,1,하수관로 파손
제주특별자치도 제주시 한림읍 옹포리 588-1,33.4021528,126.2511764,2019-11-07,0.2,0.2,1,우수시설 파손
대전광역시 유성구 반석동 반석역 1번출구 앞,,,2019-07-17,0.6,0.5,1,하수관로 파손
대전광역시 서구 변동 변동우체국 맞은편,,,2019-07-18,0.5,0.8,5,하수관로 파손
대전광역시 서구 탄방동 목련네거리 기업은행 앞 측구,,,2019-07-19,0.3,0.2,1,하수관로 파손
대전광역시 중구 문창동 문창2동 우편취급국 맞은편,,,2019-07-24,0.3,0.2,1.1,하수관로 파손
대전광역시 동구  삼성5가-한남5가 한남철강 맞은편,,,2019-08-12,0.7,1,2,하수관로 파손
대전광역시 서구  정림동 639번지 인근,,,2019-08-14,0.3,0.3,1,하수관로 파손
대전광역시 동구  구대전터널-신상교 방향 측구,,,2019-08-28,0.6,0.8,1.3,타 지하시설물 파손
대전광역시 서구  도마동 50-59번지 인근,,,2019-08-30,0.2,0.2,1,하수관로 파손
대전광역시 중구  문화초교4가-유천4가 공주얼큰이칼국수 앞,,,2019-09-16,0.5,0.5,1,하수관로 파손
대전광역시 동구  가오동 374-43번지 앞,,,2019-10-10,0.3,0.2,1.5,타 지하시설물 파손
대전광역시 중구  유천동 200-15,,,2019-10-14,1,1,0.1,하수관거 파손
대전광역시 중구  문창동 121-1,,,2019-10-24,1,1,0.1,하수관로 파손
부산광역시 북구 구포동 모분재로 145(구포동 칠우그린빌라 앞),,,2019-07-07,0.7,0.6,1,하수관로 파손
부산광역시 남구 대연동 245-150 일원,35.1503634,129.0879484,2019-07-11,1.8,1.1,0.6,하수관로 파손
부산광역시 금정구 청룡동 310-1번지 상 도로,35.2801151,129.0877673,2019-08-04,0.8,1.8,0.8,하수관거 파손
부산광역시 사상구  새벽로 200,,,2019-08-10,1,3,0.15,우수시설 파손
부산광역시 서구 서대신동2가 543 일원,35.1093909,129.0157977,2019-08-14,0.5,0.5,1.7,하수관로 노후화
강원특별자치도 원주시  무실로47번길 44(원동 현진아파트 후문 앞),,,2019-07-07,2,3,4,우수관로 파손
강원특별자치도 원주시 문막읍 동화리 산47-7,37.3294708,127.8481866,2019-07-29,0.8,1,1,원인미상
강원특별자치도 강릉시 교동 859-25,37.7590445,128.8886407,2019-11-29,0.2,0.5,1,상수관로 파손
경기도 부천시  중동 1151,,,2019-07-01,2,2,1.7,상수관로 파손
경기도 부천시  약대동 80-11,,,2019-07-01,0.3,0.3,1.3,맨홀 파손
경기도 안양시 만안구  석수동 241-43,,,2019-07-01,2,2,2,맨홀 파손
경기도 의왕시 포일동 505-79,37.3930455,126.9871726,2019-07-01,1.5,1.7,0.1,타 지하시설물 파손
경기도 고양시 덕양구  동산동 368-2,,,2019-07-02,1,1,0.5,맨홀 시공불량
경기도 고양시 일산동구  백석동 1460,,,2019-07-03,1,1,0.5,하수관로 파손
경기도 구리시  동구릉로 200번길(한진그랑빌 앞),,,2019-07-04,2,2,0.6,하수관로 파손
경기도 의왕시 포일동 680,37.397314,126.9880898,2019-07-15,1,2.5,0.1,타 지하시설물 파손
경기도 고양시 덕양구  행신동 1121,,,2019-07-22,1,1,0.5,맨홀 파손
경기도 의왕시 고천동 231-14,37.3446039,126.9747718,2019-07-24,0.8,1.3,0.1,타 지하시설물 시공불량
경기도 구리시 교문동 635-3번지 쉐보레 정비소 앞,37.5801699,127.1277736,2019-07-25,0.5,0.5,1,하수관로 파손
경기도 부천시  중동 1058-4,,,2019-08-13,1,1.2,0.7,지반 시공불량
경기도 고양시 덕양구  화전동 274-3,,,2019-08-22,1,1,0.5,지반 시공불량
경기도 의정부시  효암로 23번길 14,,,2019-09-11,1.5,1.5,0.1,하수관로 파손
경기도 고양시 일산서구  일산동 1979,,,2019-09-26,1,1,0.3,하수관로 파손
경기도 의왕시 포일동 485-5,37.3949425,126.9852038,2019-10-01,0.8,1.4,0.1,하수관로 파손
경기도 양주시 봉양동 311-4,37.8471178,127.080697,2019-10-17,1.5,2,0.1,타 지하시설물 시공불량
경기도 양주시 봉양동 340,37.8486125,127.0769009,2019-10-17,1,1.5,0.1,타 지하시설물 시공불량
경기도 부천시  고강동 415-4번지,,,2019-10-18,6,7,3,하수관로 파손
경기도 안양시 만안구  안양동 192-5,,,2019-11-04,2,2,2,하수관로 파손
경기도 동두천시  동두천시경계 ∼ 상패동 980-2,,,2019-11-15,0.6,620,0.2,타 지하시설물 시공불량
경기도 고양시 덕양구  백석동 1335 일원(백석로),,,2019-12-21,25,50,2.5,지반 시공불량
경기도 수원시  우만동 293-12,,,2019-12-25,0.4,0.4,1,상수관로 파손
경기도 부천시  중동 1150,,,2019-12-26,2.5,2.5,1.5,상수관로 파손
"경기도 이천시 신둔면 수광리 716, 산18-13",37.3108662,127.4010021,2019-12-26,1,5,0.5,타 지하시설물 시공불량
경상남도 김해시 주촌면 망덕리 874-5번지 일원,35.217684,128.8263304,2019-06-30,1200,1200,0.3,지반 시공불량
"경상남도 창원시 의창구  봉곡동 36-4, 황제빌딩 지하주차장 입구",,,2019-08-19,1,1,1,하수관로 노후화
경상북도 포항시 남구 이동 209-3번지,36.033534,129.333976,2019-10-03,4,5,3.5,상수관로 파손
광주광역시 남구 진월동 331-64번지 앞,35.1238754,126.8945439,2019-07-25,1,1,1.3,맨홀 파손
광주광역시 광산구 오선동 547-10번지,35.2068639,126.8068413,2019-07-31,1.2,1.2,0.8,하수관로 파손
광주광역시 광산구 신가동 918-4번지,35.1797858,126.825157,2019-08-05,1,1.2,1,하수관로 파손
광주광역시 서구 쌍촌동 807-9번지,35.1662656,126.863813,2019-08-28,1,1,1,하수관로 파손
광주광역시 광산구 소촌동 826번지,35.1564876,126.7886053,2019-10-02,2,2,1,하수관로 파손
광주광역시 광산구 오선동 547-26번지,35.2069432,126.8079482,2019-10-11,2,3,1.5,하수관로 파손
광주광역시 광산구 송정동 579-4번지,35.1406092,126.7984796,2019-10-14,1,1.5,1,하수관로 파손
광주광역시 광산구 우산동 1582-4번지,35.1622724,126.8078377,2019-10-15,0.6,1.5,1,하수관로 파손
광주광역시 광산구 송정동 544-37번지,35.1390005,126.8008193,2019-11-19,1,1.5,0.5,하수관로 파손
대구광역시 달성군  대실역 지하철 1번 출구 보도부,,,2019-09-15,1,1,2,지반 시공불량
서울특별시 강서구 마곡동 278-5(마곡지구내 보도),37.5666752,126.8279467,2019-07-26,0.8,1,0.4,원인미상
서울특별시 중구  무교로 32 효령빌딩 앞,,,2019-08-01,1,4,1,하수관로 노후화
서울특별시 성동구  왕십리2동975-1 (새마을금고앞),,,2019-08-04,4,4,3,하수관로 노후화
서울특별시 성동구 마장동 785-3호(내부순환도로 사근램프 근처),37.5652577,127.0468057,2019-08-06,1,1.5,0.4,타 지하시설물 노후화
서울특별시 성동구 사근동 293-4 앞,37.5652056,127.0470341,2019-08-12,0.3,0.8,1.5,하수관로 노후화
서울특별시 영등포구  국제금융로 24,,,2019-09-05,5,5,5,"집중강우
"
서울특별시 서초구 양재동 203-10번지 앞,37.466303,127.0346023,2019-09-09,1.2,1.2,1,하수관로 시공불량
서울특별시 동작구  상도로 162(편도2차로),,,2019-09-10,1,1,1,원인미상
서울특별시 영등포구 여의도동 23-1,37.5255548,126.9262236,2019-09-15,1,1.5,1.5,지반 시공불량
"서울특별시 종로구  통일로 78, 1차로 경찰청 앞 사거리",,,2019-09-20,5,7,1,타 지하시설물 파손
서울특별시 강서구 마곡동 798-7,37.5589066,126.8249588,2019-11-25,4,4,4,하수관로 파손
서울특별시 영등포구 여의도동 25-1,37.5242992,126.9263803,2019-12-22,1.5,2.5,2.5,타 지하시설물 파손
인천광역시 서구  검단로 검단사거리 횡단보도 도로,,,2019-07-19,0.8,0.8,1.2,우수관로 시공불량
인천광역시 계양구  계양대로 170 경인교대입구역 1번출구 앞 도로,,,2019-08-29,1,1,0.3,집중강우
인천광역시 남동구 구월동 1455(구 롯데백화점) 일원,37.4470789,126.7015745,2019-12-16,2,12,0.1,복합요인
전라남도 신안군 신의면 하태동리 산 195-8,34.548636,126.0667727,2019-09-26,4,15,0.1,타 지하시설물 파손
전라남도 신안군 신의면 하태서리 산 202,34.5378908,126.0397406,2019-11-07,1.5,3,0.1,타 지하시설물 파손
전북특별자치도 군산시  분멀2길 32-7,,,2019-07-31,1,1,0.5,하수관로 파손
전북특별자치도 군산시  한밭3길5,,,2019-08-02,1,1,1,하수관로 파손
전북특별자치도 군산시 소룡동 1589-13,35.9689937,126.5925151,2019-09-27,3,3,1,하수관로 파손
전북특별자치도 군산시  서해로178,,,2019-10-09,1,1,1,하수관로 파손
전북특별자치도 군산시  현충로 8,,,2019-10-12,0.5,0.5,1,하수관로 파손
전북특별자치도 정읍시 상동 737,35.5641137,126.8657922,2019-11-03,2,3.6,1.5,하수관로 시공불량
충청북도 청주시 흥덕구  오송읍 봉산리 25-8,,,2019-10-18,3,6,1.5,상수관로 파손
충청북도 청주시 서원구  수곡동 301-35번지,,,2019-12-03,1,1,2.3,하수관로 파손
충청남도 당진시 송악읍 한진리 408-34 번지 일원,36.9632687,126.7744978,2019-01-04,600,22,0.5,타 지하시설물 시공불량
강원특별자치도 원주시  일산초교길67,,,2020-05-12,1,2,1,우수관로 파손
강원특별자치도 강릉시 포남동 1197-24(경강로2291번길 10 앞),37.7683034,128.9120663,2020-05-01,1.5,1.5,1.5,상수관로 파손
강원특별자치도 강릉시 송정동 187-6(팔송길 6 앞),37.774917,128.9329666,2020-04-21,1,1.5,2,지반 시공불량
강원특별자치도 강릉시 포남동 1197-13(강릉대로 380 앞),37.7672544,128.9060322,2020-05-04,1,1,1.5,지반 시공불량
강원특별자치도 강릉시 포남동 1197-19(경강로2245번길 2-1 앞),37.7655368,128.9082118,2020-05-25,1.5,1.5,2,지반 시공불량
강원특별자치도 강릉시 포남동 1197-19(경강로2255번길 2 앞),37.7655368,128.9082118,2020-05-26,1,1,1.5,지반 시공불량
강원특별자치도 강릉시 포남동 1197-35(경강로 2263 앞),37.7633611,128.9072088,2020-06-10,1,1,1.5,상수관로 파손
강원특별자치도 강릉시 포남동 1197-16(경강로2255번길 7 앞),37.7656095,128.9045581,2020-06-17,1,1,1.5,지반 시공불량
강원특별자치도 강릉시 포남동 1197-23(성덕포남로168번길 10 앞),37.7682752,128.9093598,2020-06-19,0.5,0.5,1,지반 시공불량
강원특별자치도 삼척시  봉황로 73(삼척시보건소 사거리 현대아파트B동 앞),,,2020-05-27,1,2,0.8,하수관로 파손
경기도 구리시 수택동 863번지,37.5915764,127.1413542,2020-02-21,0.15,0.2,1,하수관로 파손
경기도 구리시 수택동 584-3,37.5946322,127.1471144,2020-06-16,0.2,0.2,1.5,상수관로 시공불량
경기도 과천시 과천동 539-3,37.4466804,126.9959286,2020-03-03,1.5,1.5,1.2,하수관로 파손
경기도 과천시 문원동 1023-27,37.4296641,127.0013796,2020-05-06,1.5,1.5,1.2,하수관로 파손
경기도 과천시 별양동 45666,,,2020-06-30,1.5,1.5,2,하수관로 파손
경기도 화성시 기산동 106-9,37.2145409,127.0524916,2020-02-11,1,1,0.05,원인미상
경기도 화성시 정남면 발산리 726-5,37.1556203,126.9843927,2020-03-18,1,1.2,0.05,원인미상
경기도 화성시 장안면 노진리 산 48-13,37.0505094,126.8108693,2020-03-20,1,1,0.05,원인미상
경기도 화성시 장안면 덕다리 99,37.0581723,126.8410483,2020-04-25,1,1,0.05,원인미상
경기도 화성시  남양읍 남양리 1865-8,,,2020-05-25,1,1,0.05,원인미상
경기도 화성시 서신면 상안리 9-19인근,37.1910917,126.7147295,2020-06-04,1,1.2,0.05,지반 시공불량
경기도 부천시  괴안동 167,,,2020-04-14,0.5,20,0.1,지반 시공불량
경기도 의왕시 이동 293,37.3323035,126.9559318,2020-01-30,1.5,2.5,0.1,지반 시공불량
경기도 의왕시 왕곡동 새능교 앞,,,2020-02-11,1,2,0.05,맨홀 시공불량
경기도 의왕시  철도박물관로 223,,,2020-03-09,1,1.2,0.05,지반 시공불량
경기도 의왕시 월암동 295,37.3064947,126.9562092,2020-03-26,0.3,4,0.03,우수관로 노후화
경상남도 양산시 중부동 402번지 일원 도로(지방도 1077호선 동구간),35.3431668,129.0350975,2020-02-28,15,50,0.5,타 지하시설물 시공불량
경상북도 포항시 남구 이동 524-2,36.0370116,129.3316431,2020-02-14,4,5,4,하수관로 노후화
경상북도 경주시 강동면 유금리 1553-2,36.0028186,129.2829952,2020-01-10,0.8,2.5,1.5,하수관로 노후화
경상북도 경주시 황오동 110-9(원화로 230-1),35.8411006,129.2176536,2020-02-15,1.3,3,1.5,우수관로 노후화
경상북도 경주시 산내면 대현리 2653-6(산내면 문복로 397-101),35.6669664,129.0497134,2020-02-28,0.5,1,1,우수관로 노후화
광주광역시 동구 산수동 133-1(박양례 헤어스튜디오 앞),35.1606526,126.9327678,2020-01-04,0.1,0.5,2,하수관로 파손
광주광역시 동구 대인동 32-20,35.1538047,126.9150835,2020-03-30,0.05,0.05,1,하수관로 파손
광주광역시 동구 학동 738-3,35.1327856,126.9295958,2020-06-16,0.3,0.3,1,하수관로 시공불량
광주광역시 서구 화정동 852-9번지 (염주초 인근),35.1402864,126.8778908,2020-01-23,1.5,4,2,하수관로 노후화
광주광역시 서구 쌍촌동 807-9번지,35.1662656,126.863813,2020-04-26,1,2.5,2,하수관로 시공불량
광주광역시 서구 농성동 666-1번지(화정로 259) 인근,35.1481659,126.8850425,2020-06-11,0.5,0.5,3,하수관로 파손
광주광역시 서구 쌍촌동 1229번지 (쌍촌주공아파트) 인근,35.1470708,126.8696767,2020-06-15,1.5,1.5,1.5,하수관로 시공불량
광주광역시 서구 화정동 907-6번지 인근,35.1431949,126.8650886,2020-06-16,1,2,1.5,하수관로 노후화
광주광역시 서구 화정동 929-1번지 (화정남초 인근),35.1380565,126.8721408,2020-06-23,1.5,3,1.5,하수관로 노후화
광주광역시 광산구 월곡동 556-6번지 주변,35.1693595,126.8117374,2020-01-07,0.3,0.5,1.8,하수관로 노후화
광주광역시 광산구 산정동 999번지 주변,35.1710482,126.8032903,2020-01-20,1,1,0.5,지반 시공불량
광주광역시 광산구 신가동 756-4번지 주변,35.1761449,126.8297813,2020-01-30,1.5,2,1,하수관로 노후화
광주광역시 광산구 장덕동 972-2번지 주변,35.1970528,126.8050995,2020-06-22,1,1,1,하수관로 노후화
대구광역시 달성군 다사읍 서재리 973(서재중계펌프장 압송관로),35.8765708,128.4947398,2020-05-24,0.3,0.6,2,하수관로 노후화
대전광역시 서구 도마동 67-5 (기아자동차 앞),36.3207818,127.3775095,2020-04-01,0.8,1,1.2,하수관로 시공불량
대전광역시 서구 관저동 1914(롯데시네마 앞),36.3047244,127.3348495,2020-04-16,1.2,1.2,2,하수관로 시공불량
대전광역시 동구 삼성동 375-28 (영광세탁 앞),36.3426498,127.4189639,2020-04-20,0.4,0.5,1.2,지반 시공불량
대전광역시 서구 도마동 24-7 (더본한의원 앞),36.32408,127.3706016,2020-04-29,0.3,0.6,1.4,하수관로 시공불량
대전광역시 유성구 화암동 59-8 (에이팩 정문 앞),36.4046386,127.3767332,2020-05-04,0.3,0.5,1,하수관로 시공불량
대전광역시 중구 문화동 676-25(버스정류장 앞 2차로),36.3119798,127.3973671,2020-05-08,0.5,0.5,1.5,하수관로 시공불량
대전광역시 중구 유천동 207-6 (남다른감자탕 앞),36.3188594,127.3979422,2020-05-15,0.3,0.4,1.5,하수관로 시공불량
대전광역시 중구 유천동 210-38 (선진약국 앞),36.3181512,127.3972718,2020-05-21,0.5,0.7,1,하수관로 시공불량
대전광역시 중구 부사동 89-7 (GS주유소 앞),36.3188839,127.4318775,2020-06-18,0.4,0.5,1.5,하수관로 시공불량
대전광역시 대덕구 중리동 236-6 (더원막창 앞),36.3585839,127.4255959,2020-06-25,0.2,0.3,1,하수관로 시공불량
대전광역시 서구 괴정동 129-4 (골든타이어 앞),36.3383934,127.3764261,2020-06-25,0.4,0.8,1,하수관로 시공불량
대전광역시 유성구 노은동 499-7,36.3674878,127.3124915,2020-04-16,1,1.5,1,우수관로 파손
대전광역시 유성구 화암동 58-4,36.4058737,127.3842223,2020-06-12,1,1,0.5,우수관로 파손
대전광역시 서구 월평동 1364번지,36.3532015,127.3534992,2020-03-25,1,1,1,하수관로 파손
대전광역시 서구  도안대로 동우재네거리 방향 약 100m,,,2020-04-16,1,1,1,하수관로 파손
부산광역시 강서구 송정동 1627-8번지(경남은행 건물 주차장),35.0894347,128.8538177,2020-06-03,40,40,1,타 지하시설물 시공불량
"부산광역시 강서구 송정동 1627-5번지 일원(녹지구간, 보도 및 도로 1차선)",35.0894883,128.8533228,2020-02-29,8,30,0.2,타 지하시설물 시공불량
부산광역시 사하구  다대로 52 일원,,,2020-03-13,1,1.5,0.9,타 지하시설물 시공불량
부산광역시 사상구  광장로 56,,,2020-04-28,4,4,2,원인미상
부산광역시 영도구  봉래나루로 234번길 5,,,2020-05-06,1,1,1.8,하수관로 파손
부산광역시 북구 구포동 1002-9 인접보도(구명역 사상방면 엘리베이터 입구),35.2029663,128.9994336,2020-05-09,1.5,2,1.5,연약지반
부산광역시 남구  수영로 45 앞,,,2020-05-20,1,5,1.5,타 지하시설물 시공불량
부산광역시 남구 문현동 651-6,35.1385023,129.0676988,2020-06-22,0.5,0.8,1.5,지반 시공불량
부산광역시 서구  충무대로 209-2,,,2020-06-26,1.5,1.5,0.7,하수관로 파손
서울특별시 송파구 가락동 122(경찰병원 사거리),37.4945021,127.1232584,2020-01-08,1,1,0.3,연약지반
서울특별시 강동구 고덕동 217(고덕그라시움 101동 앞),37.5578957,127.1625755,2020-02-22,1,2,2,맨홀 시공불량
서울특별시 강서구  화곡본동 105-61(까치산로 22),,,2020-03-02,1.5,1.5,1,하수관로 노후화
서울특별시 강남구 일원동 617 앞(영화초교 사거리),37.4919432,127.0812847,2020-03-11,1.5,1.5,0.5,상수관로 파손
서울특별시 송파구 신천동 1(올림픽대로 공항방향 유턴부 하행3교 밑단 50m),37.521481,127.0984456,2020-05-15,1.1,2.4,1.1,지반 시공불량
서울특별시 성북구 삼선동1가 22-1(삼선교로 4-1),37.5879909,127.0064803,2020-05-22,0.5,0.5,1,지반 시공불량
세종특별자치시   조치원읍 신안리 83-4,,,2020-05-15,0.4,0.4,1,집중강우
울산광역시 울주군 언양읍 서부리 230-5번지 앞(남천로),35.5685519,129.1092717,2020-06-08,1,2,1.5,타 지하시설물 시공불량
인천광역시 계양구 계산동 1034(계양대로 161-2),37.5380086,126.7225911,2020-02-18,4,4,1,상수관로 파손
인천광역시 계양구 계산동 973-18 청운교회 앞 도로,37.5388822,126.7221744,2020-02-18,5,6,1,상수관로 파손
인천광역시 중구 북성동1가 98-54(월미로233번길 3),37.4749668,126.599867,2020-03-10,1.2,1.5,1,하수관로 파손
인천광역시 남동구 만수동 만수주공사거리 주변,,,2020-05-28,0.5,0.5,1,하수관로 시공불량
인천광역시 계양구 계산동 1034(계양대로 161-2),37.5380086,126.7225911,2020-06-27,1,1,1,원인미상
전북특별자치도 전주시 완산구  전룡로 65,,,2020-02-20,3.8,5,0.8,하수관로 노후화
전북특별자치도 고창군 고창읍 월산리 산7-2,35.4204866,126.739321,2020-06-08,1,2,1.5,원인미상
충청남도 보령시 오천면 원산도리 947-5번지,36.3683764,126.4233809,2020-06-18,4,23,1.5,지반 시공불량
충청북도 청주시 흥덕구  운천동 1493,,,2020-03-11,1,1,1,지반 시공불량
충청북도 청주시 흥덕구  비하동 165-13,,,2020-05-08,1.7,2.3,1.2,지반 시공불량
충청북도 청주시 흥덕구  강내면 다락리 344-6,,,2020-06-01,1,1,1.2,지반 시공불량
충청북도 청주시 흥덕구  복대동 220,,,2020-06-01,1.5,1.5,1.5,지반 시공불량
충청북도 음성군 금왕읍 오선리 535 목우촌 앞 사거리(82번 국지도 노선),36.9841455,127.5787712,2020-06-29,2.5,4,0.8,지반 시공불량
부산광역시 사상구 삼락동 29-61,35.1593959,128.9671267,2020-03-18,50,50,10,원인미상
인천광역시 서구 마전동 1002-2 세븐일레븐 앞,37.5957204,126.6709913,2020-08-09,3,1,1,하수관로 파손
인천광역시 서구 마전동 1001-5,37.5959368,126.6702983,2020-08-26,2.5,10,2,하수관로 시공불량
경상북도 경주시 황남동 포석로 392-4,,,2020-07-21,1.5,3,1.5,하수관로 파손
충청남도 보령시 주교면 송학리 478-2,36.3807787,126.5242748,2020-08-11,2.5,2.5,3,하수관로 시공불량
서울특별시 금천구 시흥동 918-20,37.4491744,126.9082037,2020-09-15,2.5,1.5,1.5,하수관로 시공불량
강원특별자치도 홍천군 내촌면 물걸리 56,37.7843892,128.1723018,2020-08-13,2,2.5,1.5,타 지하시설물 파손
서울특별시 성동구  성수1가2동 13-17,,,2020-10-22,4,5,2,"복합요인 (하수관로 노후화, 파손)"
강원특별자치도 속초시 조양동 1502 앞,38.1874149,128.5819282,2020-08-26,1.5,1.5,1.3,맨홀 노후화
강원특별자치도 강릉시 송정동 송정동 187-6,,,2020-08-06,1,0.5,1,원인미상
강원특별자치도 강릉시 교동 994-9,37.7584611,128.8829847,2020-08-09,0.5,0.5,1,원인미상
강원특별자치도 강릉시 교동 교동 828-17,,,2020-08-10,0.5,0.5,1,원인미상
전북특별자치도 정읍시 영원면 은선리 ,,,2020-08-10,1.5,15,22.5,상수관로 노후화
대전광역시 중구 대흥동 119-3,36.3250569,127.4296612,2020-07-06,2,2,1.5,원인미상
대전광역시 중구 석교동 45-1,36.3069473,127.4414483,2020-07-30,1.7,5,0.5,하수관로 노후화
충청북도 청주시 흥덕구  운천동 1698,,,2020-08-12,2,2,3,하수관로 파손
충청북도 청주시 흥덕구  옥산면 장동리 372-1,,,2020-08-14,1.5,3,0.5,하수관로 파손
충청북도 청주시 흥덕구  운천동 676,,,2020-08-19,1,1.5,0.3,하수관로 파손
충청북도 청주시 흥덕구  운천동 876,,,2020-08-27,1,2,1,하수관로 파손
충청북도 청주시 흥덕구  운천동 1655,,,2020-08-28,2,2,3,하수관로 파손
충청북도 청주시 청원구  내덕동 699-26,,,2020-07-16,0.3,0.5,1.1,하수관로 노후화
충청북도 청주시 청원구  율량동 1089,,,2020-08-05,0.5,0.4,1.2,하수관로 파손
충청북도 청주시 청원구  율봉로 211,,,2020-08-11,0.7,0.7,1.1,하수관로 노후화
충청북도 청주시 서원구  죽림동 470,,,2020-07-27,3,4,1.7,타 지하시설물 시공불량
충청북도 청주시 서원구  사창동 265-3,,,2020-08-13,2,1,1,하수관로 노후화
충청북도 청주시 서원구  사창동 265-5,,,2020-08-13,1,1,0.5,하수관로 노후화
충청북도 청주시 서원구  사창동 143-5,,,2020-08-26,3,2,2,하수관로 노후화
충청북도 청주시 서원구  개신동 12,,,2020-08-31,3,2.5,2.5,하수관로 노후화
충청북도 청주시 청원구  오창읍 석우리 631(석우리 63-1),,,2020-08-04,0.3,0.7,1.3,하수관로 노후화
대전광역시 중구 은행동 45-12,36.3290295,127.4285269,2020-08-25,1,1,1,하수관로 파손
강원특별자치도 영월군 남면 북쌍리 193-4,37.2084345,128.4134384,2020-08-02,8,6,2.2,집중강우
경기도 시흥시 월곶동 993-1,37.3895206,126.7441062,2020-08-31,1,1,0.3,집중강우
경상남도 김해시 삼방동 182-7,35.2440033,128.9089421,2020-08-29,0.4,0.4,1.2,우수관로 파손
경상남도 김해시 부원동 981-23,35.2255029,128.8848574,2020-11-25,0.6,0.6,0.36,타 지하시설물 파손
경기도 포천시 어룡동 410-2,37.8860369,127.192015,2020-08-04,1,1,1.5,우수관로 파손
경기도 고양시 일산서구  대화동 2513,,,2020-07-16,15,5,0.2,집중강우
경기도 하남시 신장동 260-8번지,37.5467723,127.2141007,2020-07-28,1,1,1,하수관로 시공불량
경기도 하남시 덕풍동 396-1번지,37.5409353,127.2029481,2020-08-10,1.5,2.5,1.3,하수관로 파손
경기도 하남시 덕풍동 401-11번지,37.5408237,127.2034063,2020-08-13,1.5,2.5,1.3,하수관로 시공불량
경기도 고양시 일산서구  대화동 2409번지,,,2020-08-14,3,3,1,집중강우
경기도 고양시 일산서구  일산동 1025-13,,,2020-08-14,2,2,0.1,집중강우
경기도 구리시 교문동 813번지,37.5901742,127.13789,2020-08-26,16,15,21,타 지하시설물 시공불량
경기도 고양시 일산동구  백석동 1532,,,2020-08-24,1,1,1,집중강우
강원특별자치도 양구군 양구읍 상리 237-2,38.1042599,127.9884657,2020-07-30,1.5,2,1,하수관로 파손
경기도 화성시 매송면 어천리 산7-1,37.2737278,126.9218438,2020-07-27,1,1,0.05,지반 시공불량
경기도 화성시 동탄면 동탄신리천로5길 103-50,,,2020-08-04,10,30,0.03,집중강우
경기도 화성시 석우동 47,37.211397,127.0805949,2020-08-11,10,40,0.05,지반 시공불량
"부산광역시 연제구 연산동 월드컵대로140(연산동1516-16,연산역 5번출구 앞)",,,2020-10-05,3,8,2,원인미상
경기도 화성시 장안면 어은리 1-41,37.0986079,126.8422754,2020-09-02,1,1,0.05,지반 시공불량
경기도 화성시 진안동 881-1,37.2125514,127.0404349,2020-10-07,1.3,1,0.05,지반 시공불량
경기도 화성시 북양동 남양읍 북양리 113,,,2020-11-06,1,1,0.05,지반 시공불량
경기도 파주시 군내면 백연리 228-2,37.9096685,126.7365562,2020-08-04,2.5,6.5,1.1,하수관로 노후화
경기도 남양주시 도농동 도농로중촌2길 26-24(다산동 4046번지 일원),,,2020-08-22,1.5,2,2,하수관로 노후화
전라남도 여수시 소라면 1099,,,2020-08-21,3.2,5,0.5,"타 지하시설물 시공불량
"
충청남도 아산시 탕정면 갈산리 63-3,36.8027066,127.0707038,2020-08-04,2,2,2.5,맨홀 시공불량
강원특별자치도 춘천시 온의동 585-2,37.8693646,127.7219259,2020-08-19,10,30,0.2,지반 시공불량
충청북도 충주시 산척면 송강리 268-2번지 일원(성불사 앞),37.1009134,127.9773562,2020-08-03,2,10,20,하수관로 시공불량
충청남도 부여군 구룡면 주정리 187-6,36.2569603,126.8231999,2020-09-02,2,4,0.1,상수관로 파손
경기도 수원시 영통구 영통동 영통동 1055,,,2020-08-26,0.5,1.2,1.5,타 지하시설물 시공불량
경기도 과천시 갈현동 661,37.4231314,126.9889359,2020-08-10,1.2,2,0.3,하수관로 파손
경기도 과천시 과천동 605-1,37.4452511,126.9963075,2020-08-12,2,3,0.3,하수관로 파손
경기도 과천시 갈현동 21-13,37.4149882,126.9838343,2020-09-25,1.5,3,1.5,하수관로 파손
"전라남도 화순군 화순읍 삼천리 672, 나눔의 교회 진입로",35.0546067,126.9788676,2020-07-16,1,1,0.3,하수관로 시공불량
"전라남도 화순군 화순읍 서양로 322, 1주차장 도로 입구",35.0594333,127.0025,2020-08-09,4,3.5,4,우수관로 파손
경기도 용인시 처인구  양지면 남곡리 130-2,,,2020-08-03,1,1,0.5,하수관로 파손
경기도   양지면 814,,,2020-08-09,2,1.5,0.7,하수관로 파손
전북특별자치도 임실군 임실읍 이도리 517-6번지,35.6096884,127.281846,2020-08-12,1,1,3,우수관로 파손
강원특별자치도 영월군 영월읍 삼옥리 산121-14,37.2189666,128.5141386,2020-08-07,9,60,2.2,집중강우
경기도 의왕시 청계동 440-8,37.4038026,127.0089106,2020-07-30,1,1.3,0.7,우수관로 시공불량
경기도 의왕시 월암동 351-3,37.3114012,126.9551834,2020-09-01,3,0.8,0.1,하수관로 시공불량
경기도 의왕시 초평동 253-8,37.3164392,126.9431885,2020-09-22,1.5,1,0.05,지반 시공불량
강원특별자치도 춘천시 퇴계동 영서로 2241,,,2020-08-07,1,1,0.7,연약지반
강원특별자치도 춘천시 근화동 496-4,37.880296,127.7127235,2020-08-20,3,10,0.5,하수관로 파손
강원특별자치도 춘천시 근화동 291-20,37.8722842,127.720329,2020-08-22,0.2,0.2,1,연약지반
강원특별자치도 춘천시 온의동 536-5,37.8592036,127.7178689,2020-08-25,1.5,1.5,4,하수관로 파손
강원특별자치도 춘천시 소양로3가 185,37.8817482,127.7248468,2020-09-21,0.2,0.2,1,지반 시공불량
강원특별자치도 춘천시 효자동 178-54,37.8695167,127.7376506,2020-09-24,1.2,1,1,연약지반
강원특별자치도 춘천시 후평동 616-6,37.8891728,127.7453394,2020-11-19,0.8,0.8,1.5,하수관로 노후화
부산광역시 중구 영주동 1-144,35.1150931,129.0318856,2020-07-30,3,2,1.5,집중강우
강원특별자치도 양구군 남면 죽리 283번지,38.0736703,127.9937619,2020-08-21,1,1,0.5,맨홀 파손
강원특별자치도 양구군 동면 팔랑리 1373-21,38.2221651,128.0609037,2020-08-21,1,1,1.5,맨홀 파손
강원특별자치도 양구군 남면 가오작리 612-2,38.1417094,128.0459971,2020-08-21,1,1,1.5,맨홀 파손
강원특별자치도 양구군 동면 팔랑리 1459-2,38.2171201,128.0508271,2020-12-07,1.2,1.2,1.5,하수관로 파손
광주광역시 남구 월산동 921-1 주변,35.1471828,126.8874067,2020-08-05,1.5,1.5,1,하수관로 파손
광주광역시 남구 주월동 1283-1 주변,35.1331888,126.9036997,2020-08-09,1.5,1.5,1,하수관거 파손
광주광역시 남구 봉선동 1040-12,35.1273014,126.9114136,2020-08-12,1,1.5,1.5,우수시설 파손
광주광역시 남구 진월동 262-4,35.1192801,126.8993257,2020-08-13,1,1,1,하수관로 파손
광주광역시 남구 방림동 555-20,35.1302789,126.9141743,2020-08-20,1,3,1.5,하수관로 파손
경기도 군포시 당동 917번지,37.3474341,126.9449569,2020-07-10,0.5,0.5,1,하수관로 노후화
경상북도 울진군 기성면 다천리 산176,36.8021633,129.4191154,2020-07-23,1.5,1.5,1,원인미상
충청남도 공주시 옥룡동 309-16번지,36.4561527,127.1334398,2020-09-01,8,3,0.05,복합요인
대구광역시 달성군 화원읍 천내리 비슬로 2624(대구교도소 진입로 보도),,,2020-07-31,1.7,1.7,0.9,지반 시공불량
부산광역시 금정구 서동 서동 502-4번지 앞(서동시립도서관~금정구장애인복지관 앞),,,2020-08-09,1,1,1,하수관로 노후화
부산광역시 금정구 장전동 장전동 732 일원(금정산쌍용예가 사거리),,,2020-08-19,1,1,1,지반 시공불량
부산광역시 금정구 부곡동 동현로 65-1 앞(동광교회 앞),,,2020-08-28,3,2,1,하수관로 노후화
인천광역시 연수구 송도동 신항대로 892번길 50,,,2020-08-09,2,2,1.5,지반 시공불량
인천광역시 연수구 송도동 신항대로 892번길 50,,,2020-08-11,1.5,1.5,2.25,지반 시공불량
전라남도 보성군 득량면 삼정리 277-2,34.7831792,127.1532762,2020-07-25,2,8,1.7,하수관로 파손
전라남도 보성군 미력면 화방리 96,34.8117556,127.1283345,2020-08-25,1.2,8,0.4,우수관로 파손
전라남도 보성군 미력면 반룡리 843-51,34.78724,127.1077019,2020-08-25,0.8,2,0.8,상수관로 파손
전라남도 보성군 미력면 반룡리 811-6,34.7882572,127.1121948,2020-08-20,1.2,12,0.7,상수관로 노후화
서울특별시 송파구 신천동 올림픽로 435,,,2020-08-10,1.5,1.5,3,맨홀 시공불량
서울특별시 강남구 논현동 279(을지병원 앞),37.5194332,127.0278237,2020-08-03,1,1,1,연약지반
인천광역시 남동구 논현동 445-1,37.4093502,126.6996127,2020-07-22,1.3,1.3,1.5,원인미상
인천광역시 남동구 구월동 1264,37.4555402,126.7196665,2020-07-23,1,1,0.9,원인미상
인천광역시 남동구 구월동 73-3,37.4568132,126.7103647,2020-08-10,1,1,0.3,원인미상
서울특별시 구로구 구로동 514-2,37.4985191,126.8863908,2020-08-19,1,1,1.5,하수관로 노후화
서울특별시 강북구 미아동 1261-279,37.6123099,127.0240648,2020-08-03,1,10,2.5,상수관로 파손
대전광역시 동구 가양동 416-7번지,36.3457802,127.4459668,2020-09-03,1.7,2.3,1.5,하수관로 파손
대전광역시 서구 만년동 400,36.3679963,127.3822526,2020-09-11,2,1,1.5,하수관로 노후화
서울특별시 영등포구 신길동 10-40,37.5159165,126.9219679,2020-08-12,1.5,1.5,1.2,우수시설 파손
인천광역시 서구 가좌동 가좌역1번출입구,,,2020-07-29,1.5,2.5,0.1,집중강우
인천광역시 서구 가좌동 139,37.4969111,126.6702437,2020-08-03,0.5,0.5,1,지반 시공불량
인천광역시 서구 가좌동 158,37.4914705,126.6734926,2020-08-10,0.5,0.5,1,지반 시공불량
인천광역시 서구 가정동 566-5 한국빌라206동 앞 도로,37.5149319,126.6774264,2020-08-11,0.5,0.5,1,집중강우
인천광역시 서구 가좌동 가좌역2번출입구 E/V옆 전방 도로,,,2020-08-13,2.9,8,0.2,집중강우
인천광역시 서구 가좌동 가좌역2번출입구 E/V 옆 환기구 전면 보도,,,2020-08-13,2.6,9,0.1,집중강우
인천광역시 서구 석남동 469-11,37.5129312,126.677981,2020-08-15,0.5,0.7,1,지반 시공불량
인천광역시 서구 마전동 완정로34번길,,,2020-08-11,2.5,0.5,0.1,집중강우
경상북도 포항시 남구 송내동 657-2번지,35.9995101,129.3664332,2020-07-23,3,70,0.6,타 지하시설물 시공불량
경상북도 포항시 남구 대도동 422-27,36.0087857,129.3565351,2020-07-27,3,4,0.5,하수관로 파손
충청북도 음성군 금왕읍 무극리 무극리 산 17-5,,,2020-08-03,3,5,0.5,우수관로 노후화
전북특별자치도 군산시 비응도동 42(43-1 앞),35.9418253,126.5309951,2020-09-15,2,2,0.5,하수관로 파손
충청북도 음성군 금왕읍 무극리 523-3,36.9912094,127.5869077,2020-08-06,1,2.5,0.5,하수관로 파손
충청북도 음성군 생극면 차평리 457-4,37.0502783,127.6027235,2020-08-10,0.6,2,1.5,원인미상
부산광역시 부산진구 범천동 847-2,35.144123,129.0597585,2020-07-06,1,1,0.8,하수관로 파손
부산광역시 부산진구 전포동 428-1,35.1540876,129.0715754,2020-07-11,1,1,0.5,하수관로 노후화
부산광역시 부산진구 개금동 진사로 61번길 29,,,2020-07-24,1.2,1.2,0.3,하수관로 노후화
부산광역시 부산진구 부전동 가야대로 763-1,,,2020-07-29,0.8,0.8,2.5,지반 시공불량
경기도 의정부시 녹양동 114-25,37.7564607,127.0458679,2020-08-24,2,15,0.2,지반 시공불량
부산광역시 기장군 정관면 달산리 44-45번지 앞(산단5로),35.3168229,129.2024918,2020-07-25,1.2,7,1,하수관로 파손
전북특별자치도 고창군 고창읍 월산리 산12-8번지,35.4197108,126.7416247,2020-08-08,1,20,0.2,연약지반
광주광역시 북구 연제동 36,35.1986633,126.8699724,2020-07-20,1,2,1,하수관로 노후화
광주광역시 북구 동림동 26-1,35.185727,126.8689713,2020-08-21,1,1,0.8,우수관로 시공불량
광주광역시 북구 운암동 1051-11,35.1822726,126.8729731,2020-08-10,0.6,2,0.8,맨홀 파손
경기도 평택시 안중읍 현화리 648-2번지,36.9904156,126.9131988,2020-07-06,3,3,3,하수관로 노후화
경기도 부천시  중동 859-5,,,2020-08-20,3,2.2,1,하수관로 노후화
광주광역시 동구  계림동 1070,,,2020-08-08,0.7,5,2,원인미상
광주광역시 동구  학동 994,,,2020-08-08,2,1.5,0.4,원인미상
광주광역시 동구  운림동 628,,,2020-08-08,1,1,0.2,원인미상
광주광역시 동구  산수동 62-1,,,2020-08-10,1.2,1.2,0.3,원인미상
광주광역시 동구  금남로 4가역,,,2020-08-11,2,2,1.5,원인미상
광주광역시 동구  수기동 80,,,2020-08-11,0.5,2,1,원인미상
경상북도 영주시 상망동 898,36.8354246,128.6419674,2020-08-02,2,1,0.5,우수관로 시공불량
경상북도 영주시 상망동 57-8,36.8383883,128.6608854,2020-08-12,1,1,2,연약지반
경상북도 경산시 정평동 138-2,35.8338545,128.7294592,2020-08-09,1,2,0.5,지반 시공불량
충청북도 음성군 금왕읍 무극로 221,36.992223,127.5864581,2020-07-30,1,5,1,하수관로 파손
경상북도 포항시 남구 연일읍 생지리 408,35.9995678,129.3449027,2020-08-12,1.5,1.5,0.5,원인미상
부산광역시 기장군 일광면 원리 748-2번지 일원(부산~울산고속도로 원리 2교 하부),35.3098937,129.2289143,2020-07-24,5,10,6,하수관로 파손
경상북도 포항시 남구 장흥동 1262-2,35.9784407,129.3682659,2020-07-28,1,1,0.5,우수관로 파손
경상북도 포항시 남구 연일읍 생지리 287-11,35.9971215,129.3441276,2020-08-10,2,4,0.5,하수관로 노후화
광주광역시 북구 대촌동 870-14 (대원장례식장 입구),35.2348662,126.8479012,2020-08-14,2,2,1,원인미상
광주광역시 북구 양산동 205-1,35.2133349,126.8794203,2020-08-16,1,1,2,하수관로 노후화
광주광역시 북구 오치동 1036-1,35.1867084,126.9134823,2020-08-18,1,1,2,하수관로 시공불량
광주광역시 북구 운암동 1578,35.1707323,126.8822684,2020-08-19,1,1,1.5,타 지하시설물 시공불량
광주광역시 북구 양산동 330 (KT&amp;G),35.2035201,126.8772697,2020-08-21,1,1,2,원인미상
광주광역시 북구 두암동 875-8,35.1698422,126.928131,2020-09-01,1,1,0.5,타 지하시설물 파손
울산광역시 동구  해수욕장길28,,,2020-08-08,3,1.5,1,우수관로 파손
광주광역시 광산구 비아동 비아동707-14번지 주변,,,2020-08-11,0.3,0.5,1.8,하수관로 노후화
광주광역시 광산구 수완동 수완동929,,,2020-08-28,0.5,0.5,0.4,맨홀 노후화
광주광역시 광산구 비아동 비아동677-1번지 주변,,,2020-11-29,1,1,1,하수관로 노후화
광주광역시 서구  상무대로 쌍촌역에서 화정역 방면,,,2020-08-07,7,9,2.5,지반 시공불량
광주광역시 동구  제봉로 15,,,2020-08-08,3,40,0.03,하수관로 노후화
광주광역시 동구  제봉로 27,,,2020-08-11,3,4,1,하수관로 노후화
광주광역시 동구  남문로 소태역 주차장 입구,,,2020-08-12,5,10,2.5,하수관로 노후화
세종특별자치시 세종특별자치시  보람동 한누리대로 2144(스마트허브2)앞 인도,,,2020-09-07,3,5,0.5,지반 시공불량
광주광역시 북구  삼소로 대원장례식장 입구 3거리 교차로,,,2020-08-19,2,2,2,하수관로 노후화
광주광역시 동구  필문대로 남광주고가 하부,,,2020-09-03,2,4,1,하수관로 노후화
광주광역시 서구  서구 치평동 754-1,,,2020-08-08,1,2,1.5,하수관로 파손
광주광역시 서구 마륵동 171-12 인근,35.1425645,126.8414811,2020-08-07,2,1,0.5,지반 시공불량
광주광역시 서구 쌍촌동 877-6번지 인근,35.1461997,126.8572985,2020-08-07,5,2,0.2,지반 시공불량
광주광역시 서구  쌍촌동 1229번지 인근,,,2020-08-10,1,2,1,우수관로 시공불량
광주광역시 서구 화정동 1708,35.1590614,126.8773626,2020-08-07,1,1,1,원인미상
광주광역시 서구 쌍촌동 1229,35.1470708,126.8696767,2020-08-10,1,2,3,원인미상
광주광역시 서구 쌍촌동 쌍촌로48번길 인근,,,2020-10-26,1,1.2,1.1,하수관로 파손
광주광역시 서구 화정동 178-8,35.1558067,126.8819439,2020-11-28,0.2,0.2,2.5,하수관로 파손
"경상남도 창원시 마산합포구  가포로8, 선진빌딩 앞",,,2020-08-03,2,0.5,0.5,집중강우
경상남도 창원시 마산합포구  월영동 733,,,2020-08-03,1.5,6,0.5,집중강우
서울특별시 마포구 대흥동 서강대길40,,,2020-08-18,0.2,0.2,6,원인미상
서울특별시 마포구 상수동 309-18,37.5477601,126.922684,2020-07-24,2.6,1,0.3,타 지하시설물 시공불량
광주광역시 광산구  월곡동 579-7,,,2020-08-11,2,2,2,하수관로 노후화
광주광역시 광산구  월계동 847-1,,,2020-08-26,0.8,0.8,1,지반 시공불량
광주광역시 광산구  비아동 707-8,,,2020-08-11,1,1,1,하수관로 시공불량
전북특별자치도 순창군 유등면 오교리 990-149,35.3678288,127.1960175,2020-08-09,3,3,1.5,원인미상
광주광역시 광산구 도천동 도천동621-15번지 주변,,,2020-08-21,1.5,2,1,하수관로 노후화
부산광역시 동래구 사직동 802-4번지 일원,35.1958164,129.0616015,2020-08-12,0.8,0.8,2,타 지하시설물 시공불량
부산광역시 남구 대연동 209-4 번지,35.1464061,129.0971888,2020-07-28,2,1,1,하수관로 파손
부산광역시 동구 범일동 1542-7,35.1455288,129.0451511,2020-07-23,1,1,0.7,지반 시공불량
부산광역시 동구 범일동 830-100 (자성로 133번길 26-2),35.139505,129.0646848,2020-07-23,1,1,0.7,하수관로 파손
부산광역시 동구 범일동 1453-8 (망양로 921),35.1404112,129.0510369,2020-07-23,1,1,0.5,하수관로 파손
부산광역시 남구 용당동 525-7,35.1231442,129.0999231,2020-07-15,1,3.8,1.5,하수관로 파손
부산광역시 남구 문현동 920-4,35.1342693,129.0700392,2020-07-11,1,2,1,하수관로 파손
부산광역시 동래구 명륜동 652-24,35.2087082,129.0802143,2020-07-07,1,1,1.5,원인미상
경기도 포천시 일동면 기산리 82-2번지 일원,37.9590809,127.3191954,2021-02-22,0.15,0.15,3,우수관로 파손
부산광역시 사하구 다대동 927-17번지 일원,35.0609085,128.9740508,2021-03-15,0.5,0.7,1.2,하수관로 시공불량
서울특별시 강남구 삼성동 160-21(봉은사로 104길 10),37.5137395,127.0618989,2021-03-30,1,1,1.5,타 지하시설물 시공불량
서울특별시 송파구 마천동 마천로61다길 25,,,2021-03-31,0.5,0.5,1,맨홀 파손
서울특별시 강남구 압구정동 500(올림픽대로 공항방향 성수대교 밑단 약 200m 5차로),37.5334906,127.032963,2021-03-09,2.5,2.1,1.1,하수관로 노후화
서울특별시 송파구 거여동 33-16,37.4922982,127.1503805,2021-04-07,0.7,0.7,1.9,맨홀 노후화
경기도 용인시 수지구  풍덕천동 1045-1번지,,,2021-04-19,1.5,15,0.01,상수관로 파손
경기도 구리시 인창동 681-1번지,37.6069166,127.1416563,2021-04-19,1.5,5,1.2,원인미상
부산광역시 사하구 괴정동 203-31번지,35.105543,129.0036697,2021-04-22,2,4,5,하수관로 파손
서울특별시 강남구 논현동 212-16(학동로 34길 21),37.5132405,127.0338628,2021-06-08,1,1.5,1,하수관로 노후화
인천광역시 부평구 부평동 416-9,37.4986774,126.7268499,2021-06-09,1,1,1,상수관로 파손
부산광역시 사하구 다대동 943-3번지 일원,35.0560383,128.9694178,2021-06-17,1.4,2.4,1.2,원인미상
경상남도 양산시 하북면 삼감리 ,,,2021-07-06,1.8,2,1.7,타 지하시설물 파손
경기도 과천시 과천동 ,,,2021-06-29,1,1,1.5,원인미상
충청북도 청주시 서원구  개신동 1-13,,,2021-06-28,2,3,2,하수관로 파손
충청북도 청주시 서원구  사창동 532,,,2021-06-17,1.5,2,1.5,하수관로 파손
충청남도 보령시  ,,,2021-03-30,0.4,0.7,1,원인미상
부산광역시 서구 동대신동3가 63-315번지 (덕산빌라 앞),35.1178098,129.019344,2021-06-14,0.8,10,1.4,우수관로 시공불량
경기도 화성시 비봉면 구포리 831,37.2499138,126.871901,2021-03-01,1,1,0.05,지반 시공불량
경기도 화성시 송산면 천등리 469-1,37.2332033,126.707006,2021-03-30,1,1,0.05,지반 시공불량
경기도 화성시 팔탄면 율암리 483-11,37.1667217,126.8811074,2021-04-07,1,1,0.05,지반 시공불량
경기도 화성시 반월동 245-2,37.2295261,127.0466261,2021-05-22,1,1.3,0.05,지반 시공불량
경기도 화성시 서신면 매화리 365-8,37.1686911,126.7042565,2021-05-24,1,1,0.05,지반 시공불량
전북특별자치도 익산시 마동 153-37(동부시장 오거리),35.9454952,126.9655167,2021-02-19,1,2,1,하수관로 파손
전북특별자치도 익산시 금마면 동고도리 고도길 58 (금마시장 인근),,,2021-03-26,1,1,0.5,하수관로 파손
전북특별자치도 익산시 영등동 178-51(참사랑 마트),35.9528825,126.9734958,2021-05-20,1.2,1,0.8,하수관로 파손
전북특별자치도 익산시 동산동 서동로 28길 20 (엄마트 앞 도로),,,2021-05-20,1.2,1,0.8,하수관로 파손
전북특별자치도 익산시 영등동 제일2차 1단지(고봉로 24길 30),,,2021-05-25,1.5,1,1,하수관로 파손
경기도 시흥시 조남동 ,,,2021-04-08,0.5,0.5,0.2,타 지하시설물 시공불량
대전광역시 중구 대흥동 202-1,36.3281387,127.4250898,2021-06-13,1,1,0.6,하수관로 노후화
강원특별자치도 강릉시 유천동 유천동 133-2,,,2021-05-05,2,1,0.5,원인미상
강원특별자치도 강릉시 송정동 송정동 187-4(팔송길 6 앞),,,2021-06-08,1.5,1.5,0.5,하수관로 시공불량
경상남도 양산시 북정동 23-5번지,35.3648372,129.0565488,2021-07-08,6,8,7,하수관로 파손
부산광역시 남구 용호동 370-18,35.1198557,129.1118793,2021-05-13,1,1,1,상수관로 파손
대전광역시 동구 용전동 227번지,36.3573977,127.4327862,2021-04-30,1.5,1.5,1.5,하수관로 파손
강원특별자치도 강릉시 교동 교동 46-2(한신아파트 입구),,,2021-07-08,0.5,0.5,1,타 지하시설물 파손
대전광역시 서구 정림동 704,36.3040649,127.3657247,2021-03-31,1,1,1.5,하수관로 시공불량
대전광역시 서구 도마동 201-1,36.3225452,127.3684288,2021-05-13,1.5,1,1.8,지반 시공불량
대전광역시 서구 정림동 636번지 인근,36.3044429,127.3667421,2021-06-11,1,1,1,하수관로 파손
경기도 용인시 수지구  수지구청역 1번출입구,,,2021-07-24,3,100,0.5,원인미상
부산광역시 사상구 모라동 모라동 453번지 앞 도로,,,2021-06-10,1.5,1,1,원인미상
부산광역시 북구 구포동 1089번지 파리바게트 앞 보도,35.1964583,128.9943424,2021-05-18,1.5,1.5,1,타 지하시설물 파손
서울특별시 중구 을지로1가 140-1(숭례문방향 2차로),37.5654221,126.9818916,2021-08-05,0.1,0.1,1.5,하수관로 노후화
서울특별시 강동구 암사동 527,37.5547378,127.1288128,2021-07-04,1.1,0.6,1.5,집중강우
대구광역시 동구 괴전동 274-3 교각아래(지하철연장공사구간),35.8723945,128.7405772,2021-08-11,8,8,8,타 지하 시설물 시공불량
충청남도 공주시  하대리 산56-15,,,2021-07-15,1.2,24,0.16,하수관로 파손
서울특별시 성북구 안암동5가 146-31,37.5861565,127.0285791,2021-07-27,1,1,0.8,상수관로 파손
부산광역시 금정구 장전동 산2-12,35.2407622,129.0682663,2021-08-18,1,1,1.5,하수관로 파손
부산광역시 사상구 덕포동 산 8-41(대덕여고) 앞 도로,35.1785273,128.9931268,2021-08-24,5,4,3,우수관로 파손
서울특별시 성북구 보문동7가 105-1,37.5799553,127.0226763,2021-08-25,1,1,1.5,타 지하시설물 시공불량
경상북도 포항시 남구 송내동 668,35.999517,129.3645107,2021-04-01,1,1,0.3,타 지하시설물 시공불량
경상북도 포항시 남구 괴동동 911-6,35.9972705,129.3654845,2021-04-01,1.2,1.2,0.1,타 지하시설물 시공불량
경상북도 포항시 남구 송내동 444,36.0061227,129.3763632,2021-04-02,0.8,2,0.7,지반 시공불량
경상북도 포항시 남구 송내동 444,36.0061227,129.3763632,2021-04-02,0.6,16,0.8,지반 시공불량
경상북도 포항시 남구 동촌동 545-6,35.9967042,129.3901004,2021-04-02,1.4,1.7,0.1,지반 시공불량
경상북도 포항시 남구 동촌동 543-67,35.9970547,129.3898172,2021-04-02,1,3,0.1,지반 시공불량
경상북도 포항시 남구 동촌동 5,35.99882,129.3894712,2021-04-02,0.8,5.4,0.1,지반 시공불량
경상북도 포항시 남구 동촌동 800-3,36.0012776,129.3840135,2021-04-02,1.1,2.6,0.1,지반 시공불량
경상북도 포항시 남구 동촌동 800-3,36.0012776,129.3840135,2021-04-02,1.1,1.3,0.2,지반 시공불량
서울특별시 성북구 장위동 124-26,37.6176523,127.0561537,2021-08-21,0.9,1.8,1.7,지반 시공불량
강원특별자치도 춘천시 근화동 752,37.8743203,127.713587,2021-06-30,1,3,1.5,지반 시공불량
강원특별자치도 삼척시 원당동 서부초등학교 맞은편 벽산빌라 옆 도로,,,2021-04-28,2,2,3,상수관로 파손
경기도 의왕시 오전동 206-1,37.3564698,126.9678912,2021-03-03,10,3,0.1,타 지하시설물 시공불량
경기도 의왕시 월암동 의왕시 월암동 541,,,2021-03-18,1.4,1.1,0.05,원인미상
경기도 의왕시  삼동 산 112,,,2021-03-18,1,1,0.1,원인미상
광주광역시 동구  지산동 5-1 일원,,,2021-03-19,5,5,4,타 지하시설물 파손
광주광역시 동구  갈마로 18,,,2021-05-21,2,2,2,하수관로 파손
광주광역시 동구  문화전장로26번길 새마을금고 앞 부근,,,2021-06-12,2.2,2.2,1.3,지반 시공불량
광주광역시 서구  화정동 859-2번지 주변,,,2021-05-21,1,4,1.5,하수관로 파손
광주광역시 서구  화정동 1020번지 주변,,,2021-05-22,0.5,3,1,연약지반
광주광역시 서구  죽봉대로 103앞 부근,,,2021-06-21,1.4,2.55,0.6,지반 시공불량
광주광역시 북구  빛고을대로 동림동 산 58-14 부근,,,2021-06-29,1.4,2.3,0.9,지반 시공불량
광주광역시 광산구  비아동 715-8,,,2021-04-29,1.5,2,0.3,하수관로 노후화
광주광역시 광산구  신가동 1002-16,,,2021-05-11,1,1,0.8,하수관로 노후화
광주광역시 동구  제봉로 남광주시장 정류장 앞 부근(남광주사거리방면),,,2021-06-07,1.2,2.7,1.1,지반 시공불량
부산광역시 연제구 연산동 산 181-1(황령산로 503 앞),35.1622978,129.0824825,2021-05-06,0.8,7,1.3,원인미상
부산광역시 연제구 거제동 1465-1(거제천로255번길 54),35.1944444,129.0851125,2021-03-08,3,4,1.5,원인미상
부산광역시 연제구 거제동 1427-38(종합운동장로 7 홈플러스 앞 삼거리),35.1929442,129.0634321,2021-06-14,2,3,2.4,원인미상
경기도 안산시 상록구 사동 1639-24,37.2841035,126.8290744,2021-01-13,10,50,5,지반 시공불량
경기도 이천시 장호원읍 장호원리 368,37.1242481,127.6169619,2021-03-03,1.5,1.5,1.5,상수관로 파손
경기도 이천시 장호원읍 장호원리 656-3,,,2021-05-25,1,10,1.5,하수관로 파손
경기도 이천시 장호원읍 오남리 98-7,37.10708,127.6317942,2021-06-30,0.5,0.5,1,하수관로 파손
경기도 이천시 단월동 769,37.22149,127.451802,2021-05-03,1.7,2,1.4,연약지반
경기도 이천시 중리동 481,37.2758615,127.4442487,2021-06-06,1,1,1.8,우수관로 파손
경상북도 포항시 북구  득량동 148-1번지,,,2021-03-02,2,40,0.05,지반 시공불량
경상북도 포항시 북구  득량동 306번지,,,2021-03-26,1,30,0.05,지반 시공불량
경상북도 영주시 하망동 광복로92번길 15,,,2021-01-01,4,10,2,원인미상
전라남도 함평군 함평읍 석성리 521-33번지,35.0872511,126.4473755,2021-01-11,4,100,1.5,원인미상
전라남도 함평군 손불면 산남리 84-11,35.1261124,126.4450963,2021-01-12,3,70,1.5,원인미상
전라남도 여수시  웅천로90,,,2021-02-01,3,25,0.02,지반 시공불량
전라남도 여수시  웅천동 1887-4,,,2021-02-01,3,40,0.02,지반 시공불량
전라남도 여수시  낙포동 1372,,,2021-04-01,5,10,0.6,지반 시공불량
전라남도 목포시  원산동1260-5(공원 앞 차도),,,2021-06-16,1,2,1.5,지반 시공불량
서울특별시 강서구 염창동 284-76 앞,37.5482078,126.8749526,2021-09-04,2,2,1.5,하수관로 시공불량
울산광역시 동구  미포1길 2(한국프랜지 앞),,,2021-02-09,0.7,0.7,3,우수관로 파손
울산광역시 중구 성안동 809-2,35.5758696,129.3112014,2021-06-01,2,2,1,지반 시공불량
울산광역시 동구 서부동 257-36,35.5286249,129.4292219,2021-03-26,1,1,0.5,연약지반
충청남도 당진시 시곡동 71-5,36.9028284,126.6811031,2021-09-01,3,3,2,타 지하시설물 시공불량
경기도 평택시 신장동 671-8번지,37.0744596,127.0536442,2021-07-23,0.8,5,1.4,우수관로 시공불량
경기도 평택시 비전동 840-20,36.9972066,127.102952,2021-09-02,3,5,2,하수관로 시공불량
경기도 시흥시 정왕동 정왕동 2697번지 인근,,,2021-10-04,20,30,1,지반 시공불량
울산광역시 울주군 온산읍 덕신리 6번지 일원,35.4247609,129.3179814,2021-10-14,2,1,2.5,연약지반
경기도 김포시 고촌읍 신곡리 281-118,37.605995,126.770334,2021-10-18,2,1.5,0.2,지반 시공불량
경기도 고양시 일산동구 마두동 802-1,37.6517366,126.778443,2021-12-30,3,7,0.5,원인미상
경기도 하남시 초이동 570번지 일원,37.5374908,127.1693751,2021-07-12,1,1,0.5,연약지반
부산광역시 사하구 신평동 572번지 일원,35.0858754,128.9743294,2021-08-24,3,10,5,집중강우
경기도 부천시 옥길동 790,37.4696732,126.8235863,2021-07-11,2.5,2.5,2.5,하수관로 파손
충청남도 보령시 오천면 소성리 700-88번지,36.4386129,126.5182298,2021-07-15,26,17,7.8,연약지반
부산광역시 북구 구포동 구포동 918-5번지 일원,,,2021-10-06,0.5,0.7,1,우수관로 노후화
부산광역시 북구 구포동 모분재로 148-1,,,2021-08-24,1,1,1,우수관로 파손
광주광역시 동구 계림동 계림동 1072,,,2021-07-06,2,5,1,하수관로 파손
경기도 의정부시  입석로 97,,,2021-07-14,0.5,1,5,원인미상
경기도 의정부시 산곡동 462-15,37.7182083,127.1035341,2021-08-13,8,8,5,연약지반
경상남도 하동군 적량면 고절리 1211-13,35.0620695,127.7738677,2021-09-08,1.5,1.5,2.1,원인미상
대전광역시 유성구 신성동 216-6,36.3866414,127.3502198,2021-08-17,1,1,1,맨홀 노후화
전북특별자치도 익산시 신흥동 약촌로 133,,,2021-07-01,1,1,1.5,하수관로 노후화
전북특별자치도 익산시 중앙동3가 인북로 3길 24,,,2021-07-09,1,1.2,1.5,하수관로 노후화
전북특별자치도 익산시 함열읍 함열중앙로 46,36.0780863,126.9623279,2021-07-23,1.5,1.5,1.5,하수관로 노후화
전북특별자치도 익산시 평화동 평동로 3길 19-1,,,2021-08-11,1.5,1.5,2,하수관로 노후화
전북특별자치도 익산시 남중동 익산대로 22길 6,,,2021-09-17,1.5,1.5,1.5,하수관로 노후화
경상남도 창원시 의창구 봉곡동 봉곡로 68번길 8 앞 이면도로,,,2021-12-01,2.5,5,1,하수관로 노후화
대전광역시 서구 탄방동 724번지 인근,36.3487414,127.3886532,2021-07-18,0.6,0.6,1.5,하수관로 노후화
대전광역시 서구 가장동 55번지 인근(래미안아파트 111동 인근 교차로),36.3335479,127.3839766,2021-07-24,1,1,1.5,하수관로 시공불량
부산광역시 동래구  명륜동 632-1번지 일원,,,2021-08-06,1,1,0.8,원인미상
부산광역시 서구 서대신동3가 꽃마을로 59 일원,,,2021-11-15,0.3,0.3,1.5,하수관로 파손
경기도 김포시 걸포동 389-15,37.632114,126.7107341,2021-09-04,8,12,2,타 지하시설물 시공불량
경기도 김포시 걸포동 389-15,37.632114,126.7107341,2021-09-22,1.2,2.8,0.24,타 지하시설물 시공불량
경기도 김포시 걸포동 389-15,37.632114,126.7107341,2021-11-04,1.5,2,0.25,타 지하시설물 시공불량
충청남도 홍성군 홍동면 월현리 426-2번지 오수맨홀,36.5477518,126.6707707,2021-11-01,0.9,0.9,2,하수관로 파손
경상남도 진주시 상대동 상대동 896-36,,,2021-11-16,0.4,0.4,1.5,하수관로 노후화
광주광역시 서구 유촌동 유덕1교차로 하부,,,2021-08-30,1,1,1.5,지반 시공불량
전라남도 여수시 화장동 733-5,34.7729895,127.6488942,2021-08-11,0.2,1,1,하수관로 파손
전북특별자치도 군산시 지곡동 263-1,35.9594198,126.7110462,2021-07-15,0.5,0.5,1,우수관로 파손
전북특별자치도 순창군 구림면 구암리 607-2 번지(지방도 729호선),35.4373014,127.110438,2021-07-06,0.5,1,1.5,타 지하시설물 시공불량
경기도 남양주시 호평동 559-4,37.6596067,127.2383684,2024-04-19,0.3,0.3,2.7,하수관로 노후화
전북특별자치도 군산시 나운동 792-1,35.9667053,126.693705,2021-08-25,0.5,0.5,1,하수관로 노후화
전북특별자치도 군산시 월명동 19-5,35.9836791,126.7087712,2021-08-27,0.3,0.3,1,타 지하시설물 파손
서울특별시 은평구 수색동 367-7일대,37.5832622,126.8950629,2022-01-10,2.6,2.4,1.2,타 지하시설물 노후화
인천광역시 미추홀구 관교동 미추홀구 관교동 507-5번지(승학초등학교 정문쪽 이면도로),,,2021-09-10,4,4.4,1,하수관로 파손
서울특별시 강서구 마곡동 마곡동 775-5,,,2022-01-23,1.5,0.5,3,타 지하시설물 시공불량
서울특별시 종로구  종로5가 4-1앞 도로,,,2022-01-23,3,2,1,상수관로 파손
전라남도 영광군 염산면 두우리 947,35.235423,126.3020881,2022-01-30,2,7,1.5,연약지반
광주광역시 서구 농성동 454-3번지(광천1교 교차로),35.1610724,126.8876871,2022-03-03,0.5,0.5,2,하수관로 노후화
울산광역시 중구  당산4길7 명신여인숙 앞,,,2022-03-11,1.5,3,1,원인미상
강원특별자치도 양양군 강현면 주청리2-15번지 신축 공사장 인근,38.1173189,128.6321359,2022-05-06,5,2,3,지반 시공불량
경기도 고양시 일산동구 백석동 1297,37.6440011,126.7880643,2022-05-31,3,10,2,지반 시공불량
세종특별자치시 세종특별자치시  세종특별자치시 남세종로 326 소담고등학교,,,2022-05-31,1,0.8,1.6,맨홀 파손
경기도 고양시 일산동구 백석동 1297,37.6440011,126.7880643,2022-06-06,5,1.5,2,지반 시공불량
경기도 고양시 일산동구 백석동 1297,37.6440011,126.7880643,2022-06-09,3,2,2,지반 시공불량
대구광역시 북구 노원동2가 257-1,35.8879842,128.5754586,2022-06-15,2,3,1.5,타 지하시설물 노후화
서울특별시 동대문구 장안동 366-6,37.5698925,127.0705737,2022-06-23,2,2,1.5,원인미상
대구광역시 남구  대명로 253 앞 대명로 2~3차로,,,2022-06-24,1,1,1,원인미상
서울특별시 성북구 장위동 231-226,37.6127713,127.0377547,2022-06-23,3,1,1,하수관로 노후화
서울특별시 동대문구 장안동 371-10,37.5716063,127.0709514,2022-06-24,1.2,1.2,1.5,원인미상
서울특별시 관악구 봉천동 180-329,37.4701826,126.9670595,2022-06-29,0.8,1,3.5,연약지반
서울특별시 송파구 가락동 282,37.4962276,127.110073,2022-07-01,2,4,1,하수관로 파손
서울특별시 종로구  혜화로 74 경신고등학교,,,2022-06-29,6,5,3,우수관로 노후화
경기도 성남시 중원구 중앙동 중앙동1 단대오거리역 중앙,,,2022-07-01,3,3,1.5,집중강우
경기도 양주시 유양동 719-1,37.7939629,127.0162767,2022-07-04,3,3,4,집중강우
서울특별시 영등포구 여의도동 23(IFC몰),37.5249915,126.9253126,2022-07-06,0.4,0.4,2.5,타 지하시설물 파손
경기도 부천시 소사본동 257,37.4821761,126.797659,2022-07-02,1,2.5,2.5,하수관로 파손
전라남도 목포시 동명동 7,34.7883666,126.3907311,2022-04-13,1.5,15,0.8,지반 시공불량
경기도 안산시 단원구 성곡동 839-12,37.3036633,126.738286,2022-06-05,7,15.9,0.31,지반 시공불량
서울특별시 강동구 천호동 467-8,37.5420882,127.1206586,2022-07-10,1.2,1.3,1.5,하수관로 시공불량
경상남도 창원시 진해구 성내동 78-3,35.1151853,128.7599698,2022-06-12,0.8,0.8,1.2,하수관로 파손
대전광역시 서구 월평동 1124,36.3546158,127.3588251,2022-03-10,1,1.5,1.5,하수관로 노후화
대전광역시 서구 괴정동 81-7,36.3367342,127.3861906,2022-04-28,0.9,1.4,0.9,하수관로 시공불량
대전광역시 서구 갈마동 824,36.3527063,127.3740061,2022-05-05,1,1.5,1.3,하수관로 노후화
경상북도 예천군 예천읍 지내리 311-19(폐수처리장 입구),36.6399647,128.4188522,2022-04-01,2,3.5,1,하수관로 노후화
부산광역시 북구 만덕동 792번지,35.213434,129.0365523,2022-01-20,0.5,0.7,1,상수관로 파손
강원특별자치도 원주시 우산동 133-8 우산철교 사거리 옆,37.360766,127.9398702,2022-06-22,0.5,0.5,1.5,폐수관로 파손
대전광역시 서구 둔산동 1361,36.3523885,127.3797391,2022-06-28,1.5,1.5,1,지반 시공불량
충청남도 홍성군 홍성읍 도청대로 7 앞 도로,36.6057119,126.6620305,2022-07-16,0.8,0.8,1.5,우수관로 파손
울산광역시 중구  해오름3길 30,,,2022-04-13,1,0.5,1,원인미상
울산광역시 중구  태화동 347,,,2022-06-03,1,1,1.5,지반 시공불량
부산광역시 서구 아미동2가 85-3 번지 일원,35.0987755,129.0167132,2022-01-04,0.25,25,3,하수관로 파손
제주특별자치도 제주시 이도이동 443,33.4993259,126.5447252,2022-07-19,1.5,2.5,1.5,하수관로 노후화
경기도 안양시 만안구 석수동 201-7,37.4163826,126.9149624,2022-07-01,1,1,0.2,타 지하시설물 시공불량
경기도 화성시 서신면 홍법리 510-2,37.1670292,126.7200191,2022-04-13,1,1,0.05,지반 시공불량
경기도 화성시 서신면 궁평리 611,37.1249437,126.6939976,2022-04-27,1,1,0.05,지반 시공불량
경기도 화성시 송산면 사강리 704-6,37.2147697,126.7313894,2022-05-26,1,1,0.05,지반 시공불량
경기도 화성시 남양읍 문호리 801,37.2491184,126.8052427,2022-06-06,1,1,0.05,지반 시공불량
경상남도 사천시 동금동 52-9,34.9319557,128.0830091,2022-07-19,0.5,0,2,원인미상
전북특별자치도 군산시 비응도동 41-4,35.9421744,126.5313298,2022-06-30,0.8,0.8,1,상수관로 파손
강원특별자치도 양양군 강현면 주청리 2-15,38.1173189,128.6321359,2022-08-03,2.5,8,18,지반 시공불량
강원특별자치도 춘천시 근화동 231-36,37.8788613,127.7187056,2022-06-24,1,1,1,우수관로 노후화
경기도 양주시 덕계동 887,37.8209902,127.0547544,2022-08-06,1.5,2,1.5,하수관로 시공불량
전북특별자치도 익산시 동산동 동천로 7길 18,,,2022-01-20,1,1,1.5,우수관로 노후화
전북특별자치도 익산시 주현동 주현로 36,,,2022-03-29,1,1.5,1.5,맨홀 노후화
전북특별자치도 익산시 중앙동3가 평동로 7길 47,,,2022-04-08,1,1,1.2,우수관로 노후화
전북특별자치도 익산시 동산동 동산동 1052-14,,,2022-04-23,3,3,2.5,맨홀 노후화
전북특별자치도 익산시 신흥동 서동로 23길 11 오리온2공장 입구,,,2022-05-31,1.5,1,1.5,우수관로 노후화
전북특별자치도 익산시 동산동 목천로 325,,,2022-03-23,1,1,1.5,우수관로 노후화
전북특별자치도 전주시 완산구 평화동1가 725-5,35.7947506,127.1359294,2022-03-09,2,2.5,2,원인미상
경기도 고양시 덕양구 화정동 976,37.6326751,126.8334197,2022-08-03,1,1,1.5,원인미상
전북특별자치도 전주시 완산구 중화산동2가 119-14,35.8122125,127.1255336,2022-04-20,1,1,1,원인미상
전북특별자치도 전주시 완산구 동완산동 45935,,,2022-05-10,0.5,0.5,1,원인미상
전북특별자치도 전주시 완산구 서신동 23-38,35.8283237,127.1233696,2022-06-10,1,2,0.5,원인미상
전북특별자치도 전주시 완산구 평화동1가 725-5,35.7947506,127.1359294,2022-06-24,2,2.5,2,원인미상
전북특별자치도 전주시 완산구 중화산동2가 756-3,35.8200938,127.1175454,2022-05-10,1,1,0.5,하수관로 파손
전북특별자치도 전주시 덕진구  건산로 48번지 앞 도로,,,2022-06-21,0.8,0.5,1,우수관로 파손
강원특별자치도 춘천시 우두동 291-2,37.903512,127.7411232,2022-08-08,1,1,0.5,원인미상
서울특별시 영등포구 대림동 1116-37,37.4886064,126.8973957,2022-08-09,1.5,2.5,2,원인미상
부산광역시 금정구 금사동 금사동 110-6번지 앞,,,2022-06-25,1,1.5,1.5,지반 시공불량
서울특별시 동작구 상도동 장승배기역 2번출구 E/V 주변,,,2022-08-09,6,1.5,1.5,지반 시공불량
서울특별시 강남구 개포동 146-1[대모지하차도 개포1단지 양재대로(수서방향)],37.4795532,127.0653734,2022-08-09,1.5,1.5,2.5,집중강우
충청북도 음성군 음성읍 음성읍 읍내리 785-20(예닮맛집 옆),,,2022-03-10,1.5,3.5,1,원인미상
충청북도 음성군 음성읍 음성읍 읍내리 692-3(풍산연립 라동 앞),,,2022-05-23,0.2,2,2,하수관로 파손
충청북도 음성군 음성읍 음성읍 읍내리 478-12(음성군 선거관리위원회 옆),,,2022-06-03,1,4,0.5,연약지반
광주광역시 광산구 우산동 광주광역시 광산구 우산동1598-3번지 주변,,,2022-05-18,0.5,0.5,3,원인미상
경기도 부천시 심곡본동 617-140,37.4758672,126.7791624,2022-08-09,3,4,1.8,하수관로 노후화
대전광역시 중구  중촌동 448,,,2022-05-20,4,5,0.6,하수관로 파손 & 지반 시공불량
대전광역시 중구  대흥동 326-613,,,2022-05-12,4,7,0.6,하수관로 파손 & 지반 시공불량
강원특별자치도 양양군 강현면 주청리 2-22,38.1160784,128.6323748,2022-08-09,1.5,2.2,1,지반 시공불량
충청남도 당진시 신평면 신당리 264,36.8785591,126.8037926,2022-08-11,1.5,2,3,원인미상
경상남도 합천군 대병면 회양리 1494번지,35.5237274,128.0150767,2022-08-09,5,30,4,원인미상
경기도 과천시 문원동 115-1,37.424998,127.0081761,2022-08-08,4,9,1.5,하수관로 시공불량
경기도 성남시 분당구 금곡동 376-11,37.3528238,127.1019046,2022-08-09,3,3,1.5,하수관로 파손
경기도 안산시 단원구 대부동동 551-1,37.2424561,126.5995629,2022-08-11,1.5,2,1,타 지하시설물 시공불량
경기도 고양시 일산동구 장항동 1510,37.6565876,126.7717099,2022-08-16,1.5,1.5,1.5,지반 시공불량
강원특별자치도 속초시 조양동 1452,38.1897686,128.601492,2022-08-13,2,4,2,원인미상
강원특별자치도 삼척시 하장면 대전리 산43-1,37.2839413,128.8899703,2022-08-12,7,8.5,7,연약지반
경상북도 봉화군 석포면 석포리 산1-195,37.0813167,129.1315287,2022-02-11,0.3,0.3,1.8,원인미상
광주광역시 남구 월산동 1058-1(돌고개역 부근),35.1514052,126.8957525,2022-04-27,1,1.5,1.5,타 지하시설물 시공불량
충청북도 제천시 영천동 영천동 302일원 제천남부교회 앞,,,2022-06-25,1.5,1.5,0.5,하수관로 파손
충청북도 제천시 신백동 신백동 202-1번지 빨래박사 앞,,,2022-05-24,1.5,1,1,타 지하시설물 파손
충청북도 제천시 청전동 청전동 643일원(비둘기아파트 정문 부근),,,2022-06-23,1.5,4,2.5,하수관로 파손
대전광역시 서구 둔산동 1531,36.3530279,127.3794297,2022-08-12,1,1,1.2,우수시설 파손
경기도 고양시 덕양구 원흥동 704번지,37.6399763,126.8754034,2022-08-21,2,4,1.7,하수관로 파손
서울특별시 관악구 봉천동 673-120,37.4896114,126.9329524,2022-08-13,0.7,0.7,1.5,하수관로 노후화
경기도 오산시 원동 458-2,37.1345979,127.0689912,2022-08-09,2,5,1.5,집중강우
충청북도 청주시 상당구 용정동 252,36.6266766,127.5272456,2022-08-11,4,2,0.8,집중강우
제주특별자치도 제주시 화북일동 733255,33.5174812,126.5623393,2022-08-20,1.5,2.5,1.8,우수관로 노후화
서울특별시 양천구 신월동 331-51 앞 도로,37.5221167,126.8264168,2022-08-08,6,4,1.5,집중강우
강원특별자치도 양양군 강현면 주청리 2-15,38.1173189,128.6321359,2022-08-24,1.5,3,1.5,타 지하시설물 파손
경상북도 포항시 남구 대잠동 160-51번지 앞 주차장,36.0119845,129.3388804,2022-08-25,1,1,1.8,하수관로 파손
경기도 의정부시 호원동 산35-2 회룡폭포 근처 회룡사 진입도로,37.7209344,127.0300416,2022-08-31,5,8,4.5,집중강우
경기도 오산시 오산동 603-1,37.1528103,127.0671855,2022-08-15,1.5,1,2.5,집중강우
경상북도 포항시 남구 지곡동 553번지 버스정류장 쪽 2차선,36.0300146,129.3263731,2022-09-06,2,7,2,하수관로 파손
경상북도 포항시 남구 지곡동 237(롯데마트 쪽 인도부분),36.0278629,129.3109871,2022-09-06,2,2,2,집중강우
경기도 안성시 죽산면 두교리 117-1 (두교산업단지 입구),37.0161773,127.4433717,2022-09-07,1,1,2,지반 시공불량
전라남도 영광군 영광읍 남천리 5-1,35.2692468,126.5117357,2022-09-08,1,2.5,1,원인미상
제주특별자치도 제주시 화북일동 1983,33.5196029,126.5637148,2022-09-26,1.5,2,1.5,우수시설 노후화
서울특별시 마포구 도화동 39-9,37.5410135,126.9475808,2022-10-03,0.3,0.3,1.5,타 지하시설물 시공불량
경기도 고양시 일산동구 백석동 1297,37.6440011,126.7880643,2022-10-05,2,5,1,지반 시공불량
충청북도 청주시 서원구 남이면 상발리 260번지(지목: 하천) 일원,36.5873498,127.3946737,2022-10-15,2,5,1.7,기타 ( 하천 옹벽 )
전라남도 여수시 웅천동 1701,34.7457585,127.6737863,2022-11-02,2.2,10,40,연약지반
서울특별시 서초구 반포동 1192,37.5021273,126.9880998,2022-11-19,1.5,1.5,1.5,하수관로 노후화
충청남도 보령시 대천동 1242,36.3527266,126.5648539,2022-11-30,0.3,0.2,1,원인미상
서울특별시 구로구 천왕동 오리로 1149,,,2022-12-08,0.2,0.8,0.5,지반 시공불량
서울특별시 강동구 암사동 상암로 87-1(암사동 490-48),,,2022-12-31,0.4,0.4,0.5,하수관로 파손
경기도 안양시 만안구 석수동 433-8,37.4321373,126.8996993,2022-08-10,1,3,1.5,원인미상
대전광역시 서구 월평동 100-3,36.3461071,127.3541995,2022-11-14,1,3,0.1,우수시설 파손
대전광역시 서구 변동 13-1,36.3287581,127.38052,2022-09-13,1.5,1.5,1,하수관로 파손
전북특별자치도 군산시 옥구읍 정리길 15,35.9262326,126.6884267,2022-08-15,0.5,0.5,1,맨홀 노후화
경기도 성남시 분당구 삼평동 726-1,37.4008,127.1133051,2022-12-24,6,5,1.6,상수관로 파손
인천광역시 부평구 부평동 605-12,37.4877801,126.7256872,2022-07-20,0.4,0.4,0.5,원인미상
부산광역시 동래구 안락동 안락동 732-1 인근 (동래벽산아파트 앞 횡단보도),,,2022-07-11,0.1,0.1,1.33,연약지반
경기도 부천시 소사본동 93-58,37.4808367,126.7921822,2022-08-31,2,2,1.5,지반 시공불량
경기도 화성시 남양읍 수화리 732-7,37.2491698,126.8221662,2022-12-01,3,4,0.5,맨홀 파손
경기도 화성시 남양읍 신남리 1478,37.1786414,126.7994237,2022-12-01,1,10,1,우수관로 파손
경기도 화성시 남양읍 신남리 1337-1,37.1732564,126.8021142,2022-11-15,1,1,0.5,맨홀 파손
경기도 화성시 팔탄면 구장리 76-2,37.1698042,126.901495,2022-11-18,3,2,0.5,우수관로 파손
경기도 화성시 우정읍 화산리 160-4,37.0799971,126.7932775,2022-10-12,2,2,0.5,맨홀 파손
경기도 화성시 남양읍 문호리 1078-6 일원,37.2506846,126.7896481,2022-09-14,1,1,0.5,맨홀 파손
경기도 이천시 관고동 관고동 28(관고동행정복지센터 앞 보도),,,2022-08-16,1.5,1.5,2,집중강우
경기도 이천시 사음동 558-9,37.2969111,127.4106577,2022-08-26,1.5,1.5,2,집중강우
강원특별자치도 철원군 동송읍 하갈리619-1,38.2755149,127.2675041,2022-09-18,3,2,2,지반 시공불량
광주광역시 광산구 비아동 비아안길69-11,,,2022-08-04,2,4,0.8,원인미상
광주광역시 광산구 하남동 하남산단2번로 63,,,2022-08-04,3,5,0.5,원인미상
부산광역시 부산진구 가야동 221-2번지 세연정 앞 보도,35.1535488,129.0326959,2022-09-02,2,2,1.5,상수관로 파손
부산광역시 연제구 연산동 연수로 179 앞 보도(연산동 1867-2),,,2022-11-26,2,3,3,하수관로 노후화
부산광역시 사하구 감천동 486-3번지 맞은편 3차선 도로,35.0885586,129.0027372,2022-07-04,0.5,0.6,1.9,폐수관로 파손
부산광역시 사하구 괴정동 230번지 앞 1차선 도로,35.1036102,128.9996075,2022-09-28,4,1,2,지반 시공불량
경상남도 창원시 마산회원구 회원동 159-1,35.2232315,128.5734002,2022-09-07,0.7,0.8,1.5,하수관로 파손
전북특별자치도 전주시 완산구 삼천동1가 705-2,35.79743,127.1277422,2022-07-01,2.2,2.2,0.9,타 지하시설물 파손
전북특별자치도 전주시 완산구 효자동3가 1544-3,35.8142388,127.1108122,2022-07-12,1,2.5,0.5,지반 시공불량
충청북도 제천시 화산동 693,37.127809,128.2172666,2022-07-02,1,1,2.5,원인미상
경상북도 구미시 선기동 선기동 538-10,,,2022-09-01,2,2,0.05,원인미상
경상북도 구미시 공단동 공단동 140,,,2022-09-06,2,2,0.02,원인미상
경상북도 구미시 공단동 1공단로10길31-22,36.1229046,128.3666835,2022-09-12,2,2,0.05,원인미상
경상북도 구미시 지산동 지산17길 22,,,2022-09-21,1,1,0.04,원인미상
경상북도 구미시 도량동 도량동 86,,,2022-09-28,2,2,0.05,원인미상
경상북도 구미시 원평동 송원서로 79,,,2022-10-12,2,2,0.03,원인미상
경상북도 구미시 도량동 도량동 292-161,,,2022-11-03,2,2,0.02,원인미상
경상북도 구미시 송정동 송정대로77,,,2022-11-28,1,1,0.05,원인미상
경상북도 구미시 양호동 양호동 908,,,2022-12-26,2,2,0.05,원인미상
경상북도 구미시 형곡동 형곡동110,,,2022-12-29,1,1,0.05,원인미상
광주광역시 남구 서동 63-2,35.1453636,126.9039932,2022-12-07,1,1,1.2,하수관로 파손
전북특별자치도 전주시 완산구 삼천동1가 386,35.7954554,127.113687,2022-07-13,1,5,0.5,하수관로 파손
전북특별자치도 전주시 완산구 중노송동 470-13,35.8245031,127.153048,2022-07-25,2.3,2.5,0.6,타 지하시설물 파손
전북특별자치도 전주시 완산구 원당동 651-10,35.7622961,127.1125699,2022-07-26,1.8,2,2.1,타 지하시설물 파손
전북특별자치도 전주시 완산구 고사동 355-1,35.8203124,127.1421165,2022-07-29,3.4,3.8,0.7,하수관로 파손
전북특별자치도 전주시 덕진구 인후동1가 785-3,35.8355698,127.1560008,2022-08-02,2,1,1.9,하수관로 노후화
전북특별자치도 전주시 덕진구 덕진동2가 27-34,35.8512208,127.1145019,2022-08-03,1,1,1,하수관로 노후화
전북특별자치도 전주시 완산구 효자동2가 1352,35.8088426,127.1052977,2022-08-13,2,2.2,0.8,하수관로 파손
전북특별자치도 전주시 완산구 효자동3가 1354-19,35.814069,127.1150903,2022-08-15,1.7,3,1.5,지반 시공불량
전북특별자치도 전주시 완산구 평화동1가 725-5,35.7947506,127.1359294,2022-08-15,2.4,2.8,0.5,지반 시공불량
전북특별자치도 전주시 완산구 중화산동2가 616-11,35.8153748,127.1183921,2022-08-15,1.7,2,0.5,하수관로 파손
전북특별자치도 전주시 완산구 평화동2가 904-5,35.7826345,127.1318736,2022-08-16,1.7,2,1.3,하수관로 파손
전북특별자치도 전주시 완산구 평화동2가 855-9,35.7914979,127.1291492,2022-08-18,2.4,3.5,2.2,타 지하시설물 파손
전북특별자치도 전주시 덕진구 덕진동2가 654-1,35.8477165,127.1098397,2022-08-18,1,0.5,2,하수관로 노후화
전북특별자치도 전주시 완산구 중화산동1가 222-3,35.8151082,127.129883,2022-08-19,1,1.2,0.2,하수관로 파손
전북특별자치도 전주시 덕진구 진북동 1124-19,35.825231,127.1291081,2022-08-26,1,1,0.8,하수관로 노후화
전북특별자치도 전주시 완산구 중화산동2가 526-19,35.8142451,127.1153402,2022-08-27,2.1,3.1,1,타 지하시설물 파손
전북특별자치도 전주시 완산구 서서학동 969-1,35.8015351,127.1503519,2022-08-27,1,1.5,0.5,하수관로 파손
전북특별자치도 전주시 덕진구 팔복동2가 566-3,35.859897,127.0922431,2022-08-30,1,1.5,1,하수관로 노후화
전북특별자치도 전주시 완산구 효자동1가 636-1,35.8089425,127.12125,2022-08-31,1.5,2.5,0.2,맨홀 시공불량
전북특별자치도 전주시 덕진구 인후동2가 261-8,35.8323934,127.1451932,2022-09-08,1,1,1,하수관로 노후화
전북특별자치도 전주시 완산구 효자동3가 1203,35.8142706,127.088079,2022-11-05,5,7,0.3,지반 시공불량
전북특별자치도 전주시 덕진구 인후동1가 806-2,35.8352498,127.1636575,2022-12-11,1,1,1.5,하수관로 노후화
전라남도 무안군 삼향읍 지산리 720-11,34.8821836,126.4212563,2022-11-28,0.7,5,0.5,원인미상
전북특별자치도 전주시 완산구 평화동1가 725-5,35.7947506,127.1359294,2022-08-16,3,3,0.5,하수관로 파손
충청남도 천안시 서북구 쌍용동 1927,36.8036361,127.1204897,2022-08-17,1.2,1.2,1.5,우수관로 파손
경기도 남양주시 호평동 560-4,37.6604767,127.2371176,2024-04-19,0.7,0.5,1,하수관거 노후화
부산광역시 사상구 감전동 131-1번지,35.1558932,128.9834627,2023-01-05,0.5,0.8,3,하수관거 노후화
전북특별자치도 김제시 죽산면 935-3,,,2023-01-02,0.6,0.7,1.2,원인미상
서울특별시 도봉구 방학동 717-6 인근,37.6678636,127.0452412,2023-01-13,1.6,0.6,2,원인미상
경상남도 창원시 진해구 용원동 용원로78번길5,,,2023-01-13,1,2,0.5,지반 시공불량
경기도 시흥시 장곡동 정왕동 2707-1,,,2023-01-26,10,20,0.7,타 지하시설물 시공불량
경상북도 구미시 선기동 선기동 530,,,2022-09-02,2,2,0.05,원인미상
강원특별자치도 속초시 조양동 1411-15,38.1909889,128.5969343,2023-02-11,10,30,0.02,지반 시공불량
전라남도 무안군 일로읍 오룡지구 44블럭 동북측 외부 도로,,,2023-02-03,1,20,0.2,원인미상
서울특별시 서초구 서초동 1339-9,37.4897324,127.0309965,2023-02-17,0.5,1.2,2,타 지하시설물 파손
강원특별자치도 강릉시 송정동 187-4번지 일원,37.7747329,128.9326073,2023-02-27,3,3,1.5,원인미상
경상북도 경산시 하양읍 금락리 373-10,35.9113126,128.8162422,2023-03-05,0.5,2,0.2,타 지하시설물 파손
서울특별시 용산구 도원동 도원삼성래민안 아파트 정문,,,2023-03-07,1,1,1.5,하수관로 노후화
서울특별시 중구 남대문로5가 521,37.5566606,126.9755534,2023-03-11,2,2,1.5,하수관로 시공불량
경기도 시흥시 정왕동 257649,37.3255328,126.700651,2023-03-15,1,1,1.2,지반 시공불량
부산광역시 사상구 감전동 새벽로 160,,,2023-03-24,1,1.5,0.5,지반 시공불량
서울특별시 은평구 갈현동 389-16,37.6188121,126.920383,2023-03-31,2,2,4,지반 시공불량
경기도 고양시 일산서구 일산동 583-67,37.6885921,126.7762889,2023-04-04,2,2.2,1.4,하수관로 파손
강원특별자치도 속초시 조양동 1452,38.1897686,128.601492,2023-03-31,4,4,0.6,지반 시공불량
강원특별자치도 춘천시 효자동 159-21,37.8722033,127.7379199,2023-04-04,1.5,1.5,1.5,원인미상
부산광역시 사하구 장림동 1086-3번지 선 도로,35.0774406,128.9533308,2023-04-11,0.8,1.3,0.4,지반 시공불량
서울특별시 서대문구 충정로3가 368,37.5600396,126.9632226,2023-04-06,1.5,1.5,0.2,지반 시공불량
서울특별시 송파구 풍납동 올림픽대로(공항방향) 천호대교 끝 300m 4차로 우측,,,2023-04-12,2,1.5,2.5,타 지하시설물 시공불량
강원특별자치도 속초시 영랑동 148-38,38.2171832,128.5937198,2023-05-04,1,1,3,원인미상
서울특별시 중랑구 신내동 63-17(중랑공영차고지),37.6142161,127.1035419,2023-05-06,1,1,0.6,우수시설 시공불량
경기도 포천시 화현면 화현리 309-1번지 일원,37.909589,127.3001719,2023-05-09,1.5,1.5,1,원인미상
대구광역시 북구 팔달동 524-32,35.897359,128.5485162,2023-05-10,3,2,4.2,하수관로 노후화
경기도 부천시 중동 1033-5,37.504944,126.7641886,2023-05-08,2,5,1.5,원인미상
경기도 군포시 당정동 994-2,37.3475689,126.9526361,2023-05-20,2.2,2.2,2.9,하수관로 파손
경기도 고양시 일산서구 대화동 258318,37.6665993,126.7526143,2023-05-31,4,6,0.25,원인미상
경기도 수원시 권선구 당수동 376-7,37.2826203,126.9504789,2023-05-26,4.5,3,0.06,타 지하시설물 시공불량
경기도 고양시 덕양구 관산동 910-55,37.6879161,126.865246,2023-05-31,1.5,1,1,상수관로 파손
충청북도 청주시 흥덕구 복대동 847-6,36.6351395,127.4529627,2023-06-06,0.5,1,1,하수관로 파손
경기도 부천시 괴안동 100-29,37.4801193,126.8110968,2023-05-20,1,1,2,하수관로 파손
서울특별시 중랑구 중화동 328-45,37.5993456,127.0733774,2023-06-11,2,1,1.5,하수관로 파손
경기도 시흥시 월곶동 1004-5 인근,37.3901455,126.7413102,2023-06-13,1.5,2,0.2,타 지하시설물 파손
경기도 시흥시 월곶동 1004-4번지 외 3필지,37.39026,126.7413816,2023-06-18,4,10,0.4,지반 시공불량
"경상남도 합천군 대병면 신성동길 1, 하금 식육식당 앞 소재지 도로",35.5226768,128.0159504,2023-06-23,1.5,2,1.2,맨홀 시공불량
서울특별시 구로구 온수동 65-3,37.4929865,126.818008,2023-06-26,0.2,0.65,0.8,타 지하시설물 파손
경기도 화성시 반월동 736,37.2349313,127.0592227,2023-06-26,0.7,18,1,타 지하시설물 시공불량
강원특별자치도 속초시 영랑동 148-38,38.2171832,128.5937198,2023-06-28,4,1.5,1,원인미상
광주광역시 북구 풍향동 599-77,35.1646269,126.9213183,2023-06-28,5.5,4,1.8,하수관로 파손
광주광역시 동구 서석동 421-1,35.1447468,126.926255,2023-06-27,2,5,1.6,집중강우
광주광역시 동구 서석동 421-1,35.1447468,126.926255,2023-06-27,6,5,1.9,집중강우
경상북도 칠곡군 왜관읍 776-94번지 일원,,,2023-06-19,1.5,1.7,1.6,우수관로 파손
경상북도 경주시 동천동 동천로 78번길 6,,,2023-05-19,0.5,3,0.1,하수관로 시공불량
경상북도 경주시 인왕동 76,35.8291795,129.2279182,2023-06-26,0.5,2,0.1,지반 시공불량
경상북도 구미시 해평면 해평면 낙성리 58-3,,,2023-03-09,0.1,0.05,1,원인미상
경상북도 구미시 구포동 구포동 645-1,,,2023-04-14,1,0.5,1,원인미상
경상북도 구미시 원평동 원평동 190-4,,,2023-03-14,0.03,0.05,1,원인미상
강원특별자치도 춘천시 효자동 159-47,37.8728854,127.7372647,2023-06-29,0.5,1,1,원인미상
전북특별자치도 군산시 미원동 월명로 380-2,,,2023-06-01,2,5,2,타 지하시설물 시공불량
전북특별자치도 군산시 나운동 한밭1길 22,,,2023-06-19,1,1,2,하수관로 파손
대전광역시 서구 월평동 916,36.3559907,127.361798,2023-02-17,0.7,0.7,1.5,하수관로 파손
대전광역시 서구 둔산동 1142번지,36.3452361,127.3803298,2023-05-02,1.5,1,1,하수관로 시공불량
대전광역시 서구 탄방동 63-12번지,36.3441643,127.3926884,2023-05-04,1,1,1.5,맨홀 시공불량
대전광역시 서구 괴정동 67-7번지,36.340558,127.3804915,2023-05-12,1,1.5,0.5,하수관로 시공불량
대전광역시 서구 가수원동 176-1,36.3052455,127.3576327,2023-06-19,0.5,1,1,하수관로 시공불량
서울특별시 도봉구 쌍문동 315-8,37.6500836,127.0281349,2023-06-12,1,1,4,하수관로 노후화
경상남도 진주시 하대동 하대동 169-1,,,2023-04-27,0.5,0.5,1.5,폐관 파손???
충청북도 충주시 목행동 850-46번지,37.007446,127.9279266,2023-06-10,5,15,1.5,우수관로 시공불량
강원특별자치도 강릉시 포남동 852,37.7646331,128.9016327,2023-07-09,6,3,4,상수관로 파손
경상남도 사천시 곤양면 흥사리 273번지,35.0922383,128.0146883,2023-04-12,2.5,2.5,1,지반 시공불량
서울특별시 노원구 공릉동 172-18,37.6332595,127.0830616,2023-07-12,1.8,1.2,1.5,하수관로 파손
"경기도 안산시 단원구 초지동 초지동 634, 고가도로 -&gt; 주유삼거리 방향 1차선(위도 : 37.30232139, 경도 : 126.80345991)",,,2023-06-09,1.2,1.6,0.6,원인미상
광주광역시 동구 산수동 133-1,35.1606526,126.9327678,2023-06-27,1.3,1.3,1.3,하수관로 노후화
강원특별자치도 원주시 개운동 452-6,37.3332948,127.947969,2023-07-11,2,2,2.8,지반 시공불량
"경기도 이천시 중리동 378, 이천시청 주변 평산빌딩 앞",37.2726916,127.436065,2023-06-26,1.2,1.5,1.5,우수시설 시공불량
"경기도 이천시 창전동 147, 황수철 피자 앞",37.2815655,127.4467843,2023-06-28,1.5,2,1.5,우수관로 시공불량
경기도 이천시 백사면 모전리 968-13,37.3072102,127.4640871,2023-06-30,1,1,1.3,하수관로 파손
경기도 이천시 호법면 동산리 309,37.2125885,127.4014519,2023-05-10,3,43,0.5,하수관로 파손
경기도 이천시 관고동 134-9,37.2886564,127.4321269,2023-06-30,2,13,0.3,하수관로 파손
경기도 화성시 산척동 777,37.1668388,127.1229806,2023-01-17,3.5,2,0.2,지반 시공불량
대구광역시 달성군 다사읍 죽곡리 577-2,35.8458299,128.4676754,2023-05-16,1,1.5,1.5,우수시설 시공불량
대구광역시 달성군 유가읍 도의리 1091-3,35.6621473,128.4515649,2023-05-31,0.7,0.5,1,원인미상
강원특별자치도 고성군 토성면 도원리 산148-3,38.2703099,128.4932085,2023-03-22,0.3,0.3,2,지반 시공불량
강원특별자치도 고성군 토성면 봉포리 377번지,38.2491306,128.5613467,2023-04-19,0.5,30,0.1,지반 시공불량
강원특별자치도 영월군 주천면 주천로89번길14,37.2727869,128.2679177,2023-01-09,3,3,0.3,지반 시공불량
강원특별자치도 영월군 영월읍 덕포리644-8,37.1743413,128.4798844,2023-01-25,8,8,0.3,지반 시공불량
강원특별자치도 영월군 상동읍 구래리 98-60,37.1372738,128.8368052,2023-03-17,12,12,0.3,지반 시공불량
광주광역시 광산구 장덕동 992-8,35.1885903,126.8089646,2023-04-24,2,2,1.5,하수관로 시공불량
광주광역시 광산구 오선동 548-5,35.2071646,126.8119841,2023-05-18,2,2,1.5,하수관로 시공불량
광주광역시 광산구 월곡동 579-7,35.1687155,126.8165681,2023-06-30,2,2,1.5,하수관로 시공불량
대구광역시 북구 팔달동 89-6 인근,35.8976793,128.5462526,2023-07-16,1,1,0.7,지하수위 변화
부산광역시 남구 대연동 수영로 경성대부경대역 3번 출구 앞 엘리베이터 일원,,,2023-07-17,3.3,8,0.4,지반 시공불량
광주광역시 북구 금곡동 435-2,35.1764213,126.9966937,2023-01-18,0.7,20,1.5,원인미상
광주광역시 동구 학동 994,35.1397837,126.922494,2023-05-05,0.3,0.3,1.5,지반 시공불량
광주광역시 서구 화정동 863,35.1413688,126.875394,2023-05-13,0.4,0.5,1.5,하수관로 노후화
광주광역시 광산구 월곡동 489-20,35.1754092,126.8083451,2023-05-20,0.5,0.4,1,하수관로 노후화
광주광역시 동구 학동 114-5,35.1420291,126.9205883,2023-06-13,0.2,0.2,2,하수관로 노후화
광주광역시 광산구 신가동 930-11,35.1793724,126.8244864,2023-06-17,0.3,0.3,1.5,하수관로 노후화
광주광역시 북구 두암동 594-1,35.1781562,126.9348167,2023-06-30,0.3,0.3,1.5,하수관로 노후화
서울특별시 송파구 송파동 58-1,37.5115568,127.1082068,2023-07-19,1,1,1,하수관로 시공불량
부산광역시 부산진구 가야동 가야대로532,,,2023-05-19,1,1,0.3,연약지반 & 지반 시공불량
부산광역시 부산진구 부전동 서면로74,,,2023-06-11,0.3,0.3,2,타 지하시설물 시공불량
부산광역시 북구 만덕동 51-9번지 일원(만덕1터널 입구 일원),35.2142541,129.0452586,2023-07-19,3.5,2,3.5,하수관로 파손
전라남도 완도군 신지면 송곡리 60-2,34.3390476,126.792398,2023-06-15,2,6,0.5,원인미상
경상남도 창원시 의창구 대산면 유등리 870-1,35.3412798,128.7408217,2023-07-20,1.5,2.5,2,하수관로 노후화
경기도 포천시 소흘읍 직동리 373,37.7743863,127.1594667,2023-07-23,2,4,5,우수관로 노후화
광주광역시 북구 매곡동 468-2,35.1882142,126.8985602,2023-06-28,0.5,0.5,1,하수관로 시공불량
광주광역시 서구 양동 295,35.1540782,126.8982785,2023-04-20,1,1,0.5,하수관로 노후화
서울특별시 송파구 석촌동 15-3 앞 석촌지하차도 옆 도로,37.5030583,127.1000398,2023-07-26,1.5,7,5,지반 시공불량
인천광역시 연수구 송도동 30-6번지 일원,37.3968392,126.6314085,2023-07-13,20,45,1,원인미상
경상남도 양산시 물금읍 증산리 943-4 일원,35.2897324,129.0101895,2023-07-25,4,30,0.05,타 지하시설물 시공불량
강원특별자치도 속초시 영랑동 148-38번지,38.2171832,128.5937198,2023-07-31,2.5,1.5,1.5,지반 시공불량
제주특별자치도 제주시 조천읍 신북로 260,33.5380462,126.6398231,2023-07-26,2,2.5,1.2,우수시설 파손
광주광역시 광산구 장덕동 976-1,35.196066,126.8051018,2023-07-25,1.5,1.5,1.3,하수관로 파손
부산광역시 강서구 구랑동 878-8번지 일원(보도),35.1236016,128.8491976,2023-08-01,1.2,10,2,원인미상
서울특별시 성북구 성북동 309-5,37.5975787,126.9946246,2023-08-06,1,3,0.5,상수관로 시공불량
서울특별시 강남구 청담동 77-4,37.5232095,127.0553674,2023-08-11,0.5,2,0.5,폐수관로 파손
"경기도 안산시 단원구 초지동 초지동 803-6(위도 : 37.32179069, 경도 : 126.80578876)",,,2023-08-13,0.5,1,2,하수관로 파손
충청북도 보은군 회남면 사음리 243번지,36.4307555,127.5418927,2023-07-17,1,2,1,지반 시공불량
경기도 파주시 신촌동 689,37.7402266,126.6895888,2023-08-24,6,10,4,원인미상
경기도 의정부시 용현동 46,37.7321158,127.0871721,2023-08-24,2.5,2,2.5,우수관로 파손
제주특별자치도 제주시 한림읍 상대리 4549-5번지,33.3932039,126.2809393,2023-08-19,2.5,2.5,1,타 지하시설물 파손
경상북도 경주시 도지동 992번지 일원,35.7988453,129.2668389,2023-08-31,3,3,2.5,상수관로 노후화
경상남도 진주시 상평동 상평동 155-29번지,,,2023-09-04,3.4,1.8,3.3,하수관로 노후화
서울특별시 서초구 잠원동 58-24,37.5096183,127.0133039,2023-09-11,1.5,2,1.5,상수관로 파손
경상남도 진주시 상평동 상평동 155-27,,,2023-09-17,2,4,2,하수관로 노후화
경상남도 사천시 사남면 화전리 1640번지,35.0568685,128.077134,2023-09-18,1,1,1.5,하수관로 노후화
서울특별시 강남구 역삼동 800,37.5066663,127.0320283,2023-09-12,1,1,0.5,상수관로 파손
전라남도 광양시 광영동 847번지 일원,34.9646338,127.7131689,2023-09-19,2,2,2.2,맨홀 파손
경기도 성남시 수정구 태평동 3499,37.4423581,127.1358613,2023-09-21,0.5,0.5,1,상수관로 파손
서울특별시 송파구 삼전동 100-7,37.5037858,127.0922753,2023-10-11,0.2,0.7,1.8,상수관로 파손
광주광역시 남구 봉선동 봉선동164-14,,,2023-03-02,1,1,1,맨홀 파손
광주광역시 서구 화정동 화정동1035,,,2023-03-14,1,2,1.5,맨홀 시공불량
광주광역시 남구 진월동 진월동291-1 (서문대로701),,,2023-05-04,1.5,2,1.5,하수관로 노후화
서울특별시 영등포구 여의도동 22,37.5260578,126.9282985,2023-10-25,0.5,0.3,2.5,맨홀 파손
강원특별자치도 강릉시 교동 130-2,37.7643314,128.9009128,2023-10-30,2,5,2,타 지하시설물 시공불량
서울특별시 강서구 외발산동 289-29,37.5519014,126.8165209,2023-11-03,0.5,0.5,1.5,지반 시공불량
광주광역시 동구 산수동 562-1,35.1577188,126.9344698,2023-08-21,1,3,2.2,하수관로 파손
부산광역시 북구 구포동 1084-3번지 일원(협진태양아파트 일원),35.1977735,128.9949745,2023-08-10,2,1.4,1,하수관로 노후화
부산광역시 북구 구포동 1263-22번지 일원(부산과학기술대학교 일원),35.194835,129.0061102,2023-08-10,1.2,1.5,0.9,우수관로 파손
서울특별시 강남구 삼성동 111-43,37.5190248,127.0526835,2023-12-08,1,1.4,0.7,상수관로 파손
광주광역시 북구 운암동 496-5,35.1729439,126.889044,2023-07-21,0.3,0.3,1.5,하수관로 노후화
광주광역시 광산구 산정동 999,35.1710482,126.8032903,2023-07-25,1,1,1.5,하수관로 노후화
광주광역시 광산구 장덕동 972-7,35.1970541,126.8059225,2023-07-25,2.5,2.5,2,하수관로 노후화
광주광역시 북구 우산동 584,35.1818184,126.9191966,2023-08-15,0.3,0.3,1,하수관로 노후화
광주광역시 동구 동명동 동명동 118-3,,,2023-10-12,1.3,1.3,1,하수관로 파손
부산광역시 부산진구 전포동 동천로 103,,,2023-08-31,1,1.4,1.1,상수관로 파손
부산광역시 북구 덕천동 132-67번지 일원(덕양초등학교 일원),35.2100859,129.0218641,2023-08-24,1.2,1.2,0.2,하수관로 노후화
전라남도 순천시 연향동 안산길 22 앞,,,2023-07-12,3,10,0.3,집중강우
대전광역시 서구 월평동 223번지,36.3637322,127.3779684,2023-07-22,1.5,1.5,1,하수관로 파손
대전광역시 서구 둔산동 953번지 인근,36.357154,127.3783821,2023-08-02,0.5,1,1,하수관로 파손
강원특별자치도 횡성군 우천면 우천면 우항리 759번지 스마일파크빌 앞 도시계획도로(소로2-201호),,,2023-08-20,1,1,0.5,우수관로 시공불량
강원특별자치도 횡성군 우천면 우천면 우항리 758번지 동산연립 앞 도시계획도로(소로3-205호),,,2023-06-15,1,1,0.5,우수관로 시공불량
대전광역시 중구 대사동 99-15번지,36.3169091,127.4256871,2023-07-03,1.5,1,0.8,하수관거 파손
대전광역시 중구 대사동 226-38번지,36.3171362,127.4229318,2023-08-14,0.5,1,2.2,하수관로 파손
경기도 화성시 반송동 95,37.2047388,127.0703676,2023-08-14,2.5,2,4,타 지하시설물 시공불량
충청북도 음성군 금왕읍 오선리 536,36.9830593,127.5813152,2023-08-24,6,2.5,5,우수관로 노후화
충청북도 제천시 장락동 장락동864,,,2023-07-03,0.4,0.4,1.5,하수관로 파손
충청북도 제천시 화산동 201-9,37.1317584,128.2078402,2023-08-08,0.2,0.2,1.5,하수관로 파손
충청북도 제천시 청전동 623,37.1528148,128.2144816,2023-08-18,0.2,0.1,1.5,우수관로 파손
충청북도 제천시 의림동 25-1,37.1437249,128.2112164,2023-10-19,0.1,0.1,1.5,우수관로 파손
광주광역시 서구 금호동 195-10,35.1269167,126.8536861,2023-07-18,0.7,0.7,2,하수관로 노후화
광주광역시 남구 봉선동 1027-1,35.1297839,126.9110865,2023-08-21,2,2.5,2,우수시설 파손
부산광역시 사상구 모라동 사상구 모라로64번길 67(신아주택 인근),,,2023-08-12,1,1,1.3,하수관로 노후화
부산광역시 사상구 엄궁동 사상구 엄궁로 154(대림아파트 입구),,,2023-08-30,0.5,0.5,1,원인미상
부산광역시 동래구 온천동 1441-13번지,35.2046768,129.0765434,2023-12-27,0.6,1,2.6,원인미상
부산광역시 금정구 장전동 소정로 45,,,2023-09-19,0.5,0.5,3,하수관로 파손
인천광역시 서구 청라동 청라국제도시역 일원,,,2023-10-19,200,41,0.04,원인미상
제주특별자치도 제주시 삼도이동 1192-31,33.5170954,126.52273,2023-11-22,0.8,1.5,1,우수관로 파손
서울특별시 성북구 길음동 875-1 (길음역 7번출구),37.6072858,127.0216015,2024-01-03,0.4,0.6,1.2,지반 시공불량
강원특별자치도 고성군 토성면 봉포리 255-1,38.2532783,128.5631224,2024-01-05,1.5,1.5,0.7,지반 시공불량
강원특별자치도 고성군 토성면 봉포리 255-1,38.2532783,128.5631224,2024-01-08,3,2,1,지반 시공불량
충청북도 청주시 청원구 주성동 91-5,36.6731065,127.5017894,2023-07-17,1.5,1.5,1.5,타 지하시설물 파손
충청북도 청주시 청원구 율량동 1873,36.6662063,127.4860824,2023-12-14,1.5,1.5,1.5,맨홀 파손
경기도 용인시 기흥구 농서동 37-4번지,37.2231447,127.0905941,2024-01-10,3,12,1.5,타 지하시설물 시공불량
서울특별시 강남구 삼성동 159-8 그랜드인터컨티넨탈 호텔 앞 보도,37.5090536,127.06092,2024-01-16,1.5,3,1.5,우수시설 시공불량
경기도 파주시 다율동 1004,37.7290451,126.7157528,2024-02-03,4,5,2,타 지하시설물 시공불량
경기도 남양주시 화도읍 가곡리 23-61번지,37.686843,127.3139957,2024-02-06,3,2.6,5,우수관로 파손
서울특별시 성북구 길음동 532-17,37.603758,127.024204,2024-02-23,0.4,0.6,1,타 지하시설물 시공불량
경기도 남양주시 화도읍 가곡리 23-59번지,37.6865228,127.3148832,2024-03-04,1.5,2,2,우수관로 파손
부산광역시 남구 용당동 신선로 294 신선대컨테이너터미널 정문 앞 도로,,,2024-03-14,0.9,1.3,1.5,타 지하시설물 파손
전라남도 광양시 중동 1351-5일원,34.9444685,127.6947368,2024-04-17,2,2,1.5,타 지하시설물 노후화
부산광역시 북구 구포동 1222-22(동성종합상가 일원),35.1986423,129.0076554,2024-04-19,0.8,0.8,1.3,지반 시공불량
부산광역시 사상구 감전동 162-22,35.1507683,128.9830322,2024-04-30,1.5,0.8,2,상수관로 시공불량
서울특별시 강남구 논현동 논현동 61-7 앞 도로,,,2024-05-01,0.3,0.8,1.5,우수관로 노후화
부산광역시 연제구 연산동 1799-3번지(다온약국 앞),35.1734822,129.094228,2024-05-07,0.7,3,1,원인미상
부산광역시 사상구 감전동 162-22,35.1507683,128.9830322,2024-05-05,1.5,2,1.5,상수관로 파손 & 하수관로 파손
경상남도 진주시 상평동 대신로168,,,2024-05-14,0.8,1.5,0.8,하수관로 파손
전라남도 화순군 화순읍 일심리 877,35.0613257,126.9956067,2024-05-14,1,1,1,상수관로 파손
부산광역시 서구 충무동1가 39-11,35.0935714,129.0241694,2024-05-29,1.5,2.3,0.7,폐수관로 파손
경기도 용인시 처인구 원삼면 1045-7번지 일원,,,2024-06-16,6,6,1.5,타 지하시설물 시공불량
경기도 평택시 이충동 346-13 일원(부영아파트사거리),37.0600854,127.0646124,2024-06-24,1.5,2,1,상수관로 파손
인천광역시 연수구 송도동 23-5번지,37.3925963,126.6440238,2024-06-20,2,1,0.8,상수관로 파손
인천광역시 연수구 송도동 313-12,37.4109161,126.6292028,2024-06-30,1.5,32,1.5,지반 시공불량
경상남도 양산시 북정동 290-6,35.361586,129.0415307,2024-07-06,2.5,2.5,1.5,집중강우
경기도 수원시 팔달구 인계동 1142(경기도 수원시 팔달구 효원로 286-2),37.2609112,127.0347375,2024-07-11,0.4,6.5,1,집중강우
서울특별시 마포구 서교동 353-1,37.5553098,126.9209735,2024-07-13,0.5,0.5,1.5,하수관로 파손
광주광역시 서구 화정동 899,35.1466144,126.8722572,2024-02-08,1.5,1.5,1.5,하수관로 파손
광주광역시 서구 벽진동 22,35.1370281,126.8376338,2024-06-27,3,5,1,하수관로 파손
경기도 평택시 평택동 201-2,36.9882652,127.0901166,2024-05-13,0.8,0.8,1,하수관로 노후화
경기도 평택시 고덕면 방축리 287-9,37.0213249,127.0505975,2024-04-09,1,1,1.5,우수관로 노후화
대전광역시 중구 대사동 대사동 99-23번지,,,2024-04-11,0.3,0.3,1.8,하수관로 노후화
대전광역시 중구 사정동 사정동 441-6,,,2024-05-16,0.5,0.5,2.2,하수관로 노후화
대전광역시 중구 사정동 사정동 405-7,,,2024-05-27,0.1,0.1,2.4,맨홀 파손
대전광역시 중구 대흥동 630,36.3252974,127.4311648,2024-03-06,1,2,1.2,집중강우
경기도 남양주시 진접읍 내각리 440,37.6945905,127.165788,2024-07-16,17,6,0.1,우수관로 시공불량
세종특별자치시 세종특별자치시 어진동 633,,,2024-04-23,2,2,1.5,상수관로 파손
세종특별자치시 세종특별자치시 반곡동 산211-1,,,2024-05-29,0.3,2,1.5,맨홀 파손
세종특별자치시 세종특별자치시 어진동 662,,,2024-07-16,2,1.5,2,하수관로 파손
경기도 용인시 수지구 성복동 361-11,37.3226678,127.0599116,2024-07-18,3,4,5,우수관로 파손
광주광역시 북구 양산동 401-33,35.1979805,126.8807312,2024-04-12,1,1,1.4,타 지하시설물 시공불량
제주특별자치도 제주시 이도이동 서광로 274,,,2024-05-28,0.25,0.4,1,맨홀 파손
경기도 의정부시 용현동 231,37.7325473,127.0850609,2024-04-02,1.2,1.2,0.6,지반 시공불량
경기도 의정부시 호원동 286-15,37.7207649,127.0453714,2024-05-01,1,3,2,타 지하시설물 노후화
서울특별시 송파구 삼전동 100-7,37.5037858,127.0922753,2024-07-22,1,1,0.7,상수관로 파손
대구광역시 군위군 군위읍 수서리 1474-5,36.1869071,128.5525875,2024-07-11,1.5,12,3,집중강우
부산광역시 사하구 괴정동 207-52번지 앞 도로,35.106024,129.0024817,2024-04-25,6,2.7,0.7,우수관로 노후화
대구광역시 북구 구암동 835-1,35.9351845,128.5663377,2024-07-23,1,1,1.5,원인미상
경상남도 진주시 상평동 308-5,35.1700143,128.1225814,2024-07-23,1,1,0.6,지하수위 변화
경기도 남양주시 진건읍 용정리 788-5,37.6574721,127.1806172,2024-07-23,1,1,0.5,하수관로 파손
경기도 고양시 일산서구 대화동 2428,37.6782228,126.7466776,2024-07-23,2,3,1,우수관로 파손
부산광역시 사상구 감전동 163-6(새벽로 117 인근),35.1519062,128.9819664,2024-07-24,1,1.5,3,하수관로 파손
부산광역시 북구 금곡동 56-1번지,35.2662628,129.0190329,2024-01-28,0.3,0.5,2.1,하수관로 노후화
경상북도 경주시 황성동 342-7 일원,35.8612729,129.2191493,2024-07-22,0.6,0.6,2.5,하수관로 파손
경기도 평택시 독곡동 495번지 일원,37.0835583,127.0635662,2024-07-25,0.5,0.5,1,상수관로 파손
부산광역시 서구 충무동2가 45752,,,2024-07-25,0.6,1.2,1,하수관로 파손
서울특별시 성북구 하월곡동 88-1,37.607259,127.0308842,2024-07-27,2,5,3,집중강우
부산광역시 영도구 동삼동 510-42,35.0748925,129.0645642,2024-07-28,3,2,2,하수관로 파손
경기도 군포시 산본동 1157,37.3758942,126.9389533,2024-08-01,0.8,10,0.5,타 지하시설물 시공불량
부산광역시 동래구 온천동 1441-13번지,35.2046768,129.0765434,2024-07-03,0.6,1,2,원인미상
부산광역시 동래구 사직동 981-99번지,35.1980138,129.053255,2024-05-09,1,1,0.2,타 지하시설물 시공불량
경기도 평택시 서탄면 수월암리 1060 (서탄로 495-56),37.1177927,127.0167191,2024-07-31,0.5,0.5,1.1,맨홀 시공불량
경기도 용인시 기흥구 공세동 695번지,37.2403545,127.1106427,2024-07-25,1.5,2,0.7,우수관로 파손
전라남도 완도군 완도읍 가용리 1088-5 인근,34.3358365,126.7368711,2024-04-26,0.3,0.5,1.2,우수관로 노후화
부산광역시 사상구 감전동 162-26(새벽로 122 인근),35.1519417,128.9824806,2024-08-20,7,5,3.5,타 지하시설물 파손
부산광역시 사상구 감전동 163-11번지 인근,35.1512382,128.9815938,2024-08-21,1,1,1,원인미상
경상남도 창원시 마산합포구 자산동 31,35.2066962,128.5649423,2024-08-18,0.8,2,2.3,하수관로 파손
서울특별시 서대문구 연희동 413-128,37.5666029,126.924506,2024-08-29,4,6,2.5,원인미상
서울특별시 송파구 풍납동 490-6,37.5345807,127.121644,2024-08-28,3,1,0.1,연약지반
서울특별시 서대문구 연희동 413-5,37.5664338,126.9257276,2024-08-30,1.5,1.5,0.08,하수관로 시공불량
대구광역시 동구 방촌동 1020-41,35.879212,128.6604349,2024-08-31,0.5,0.3,1.7,하수관로 파손
서울특별시 강남구 역삼동 650,37.5071246,127.0342791,2024-08-31,1.5,2,0.06,연약지반
서울특별시 구로구 구로동 231-4,37.483045,126.8941702,2024-09-01,0.8,0.8,1.2,하수관로 파손
서울특별시 노원구 공릉동 656-2,37.6190377,127.0796941,2024-02-22,2.4,2,1,상수관로 파손
서울특별시 종로구 효제동 291-9,37.5734723,127.0023527,2024-09-08,0.12,0.12,1.2,맨홀 파손
부산광역시 영도구 청학동 85 (조내기로 33),35.08677,129.0638841,2024-09-10,1,1,1,하수관로 파손
부산광역시 사상구 주례동 187-3(가야대로 356),35.1508523,129.0115937,2024-07-31,1,1.8,1,하수관로 노후화
서울특별시 성동구 용답동 63-3,37.5654173,127.0539024,2024-09-13,3,1.7,1.3,타 지하시설물 시공불량
전북특별자치도 군산시 소룡동 1675,35.983249,126.678406,2024-09-17,2.3,1.3,1.2,하수관로 파손
부산광역시 사상구 학장동 719-8 (새벽로 89),35.1492941,128.9812306,2024-09-21,5,7,5,원인미상
부산광역시 사상구 학장동 226-1(새벽로90),35.1491538,128.9819743,2024-09-21,4,8,5,원인미상
경기도 파주시 문발동 650,37.7211248,126.6944694,2024-07-19,3,5,0.1,상수관로 파손
경기도 파주시 문발동 667,37.7233811,126.6920008,2024-07-20,3,55,0.3,집중강우
경기도 파주시 문발동 667,37.7233811,126.6920008,2024-07-30,3,5,0.2,지반 시공불량
경기도 파주시 문발동 649,37.7218474,126.6919428,2024-08-20,5,50,0.3,지반 시공불량
경기도 파주시 문발동 650,37.7211248,126.6944694,2024-09-09,3,25,0.05,상수관로 파손
전북특별자치도 전주시 완산구 중화산동2가 519-11,35.8119614,127.1262988,2024-09-24,1.5,0.7,2.2,원인미상
인천광역시 부평구 부평동 754-56,37.4857035,126.7183409,2024-10-04,1,3,0.5,지반 시공불량
광주광역시 광산구 오선동 548-5 (하남산단7번로 153),35.2071646,126.8119841,2024-10-15,2,2,2.5,하수관로 노후화
경기도 파주시 아동동 322-28번지 일원,37.7673789,126.7816538,2024-11-11,0.5,52,0.1,타 지하시설물 시공불량
경상남도 진주시 망경동 지반침하사고 테스트,,,2024-11-20,4,4,4,지반 시공불량
서울특별시 동대문구 답십리동 111,37.5734071,127.0534648,2024-11-07,1.2,1.2,1,폐수관로 파손
서울특별시 노원구 상계동 626,37.6691705,127.059285,2024-10-26,0.2,0.4,0.9,원인미상
경기도 의정부시 용현동 558 (용현동 17 앞 횡단보도),37.7348408,127.088222,2024-07-18,1,1,0.7,지반 시공불량
경상북도 구미시 원평동 산36-7,36.1198207,128.3585623,2024-12-23,1,1,1,타 지하시설물 시공불량
광주광역시 북구 신안동 210-5,35.1711037,126.9045429,2024-10-07,1,1,0.5,하수관로 파손
광주광역시 남구 주월동 960-13,35.1341721,126.8981136,2024-07-20,3,3,5,타 지하시설물 시공불량
충청북도 옥천군 군서면 금산리 718-1,36.2744154,127.5337965,2024-06-01,1.5,3,4,우수관로 파손
전라남도 순천시 남정동 남정3길 8,,,2024-10-20,1.5,1.5,1,하수관로 파손
경기도 안양시 만안구 안양동 안양로 376,,,2024-11-29,3,5,2,타 지하시설물 시공불량
충청남도 홍성군 서부면 판교리 1013번지(462번지 선),36.5432166,126.5288843,2024-09-04,1.5,2,1.5,우수관로 파손
충청남도 보령시 남포면 용두욕장2길 40,36.2626747,126.5483887,2024-07-17,0.3,0.3,5,집중강우
충청남도 아산시 모종동 573-2,36.7827146,127.0146063,2024-07-06,1.35,1.5,0.75,우수관로 시공불량
충청북도 청주시 서원구 미평동 360-2 일원,36.6023721,127.4778469,2024-08-16,1.5,1.5,2,하수관로 파손
